timestamp,nodeid,source,fqdd,value
2023-02-21 12:32:26.000 -0600,1,#Thermal.v1_4_0.Fan,FAN_1,5950
2023-02-21 12:32:26.000 -0600,1,#Thermal.v1_4_0.Fan,FAN_2,5950
2023-02-21 12:32:26.000 -0600,1,#Thermal.v1_4_0.Fan,FAN_3,6090
2023-02-21 12:32:26.000 -0600,1,#Thermal.v1_4_0.Fan,FAN_4,6090
2023-02-21 12:32:26.000 -0600,2,#Thermal.v1_4_0.Fan,FAN_1,5950
2023-02-21 12:32:26.000 -0600,2,#Thermal.v1_4_0.Fan,FAN_2,6090
2023-02-21 12:32:26.000 -0600,2,#Thermal.v1_4_0.Fan,FAN_3,6090
2023-02-21 12:32:26.000 -0600,2,#Thermal.v1_4_0.Fan,FAN_4,6090
2023-02-21 12:32:26.000 -0600,3,#Thermal.v1_4_0.Fan,FAN_1,6090
2023-02-21 12:32:26.000 -0600,3,#Thermal.v1_4_0.Fan,FAN_2,6090
2023-02-21 12:32:26.000 -0600,3,#Thermal.v1_4_0.Fan,FAN_3,5950
2023-02-21 12:32:26.000 -0600,3,#Thermal.v1_4_0.Fan,FAN_4,6090
2023-02-21 12:32:26.000 -0600,4,#Thermal.v1_4_0.Fan,FAN_1,5950
2023-02-21 12:32:26.000 -0600,4,#Thermal.v1_4_0.Fan,FAN_2,6090
2023-02-21 12:32:26.000 -0600,4,#Thermal.v1_4_0.Fan,FAN_3,6090
2023-02-21 12:32:26.000 -0600,4,#Thermal.v1_4_0.Fan,FAN_4,6090
2023-02-21 12:32:26.000 -0600,5,#Thermal.v1_4_0.Fan,FAN_1,11130
2023-02-21 12:32:26.000 -0600,5,#Thermal.v1_4_0.Fan,FAN_2,11130
2023-02-21 12:32:26.000 -0600,5,#Thermal.v1_4_0.Fan,FAN_3,11130
2023-02-21 12:32:26.000 -0600,5,#Thermal.v1_4_0.Fan,FAN_4,11270
2023-02-21 12:32:26.000 -0600,7,#Thermal.v1_4_0.Fan,FAN_1,11130
2023-02-21 12:32:26.000 -0600,7,#Thermal.v1_4_0.Fan,FAN_2,11130
2023-02-21 12:32:26.000 -0600,7,#Thermal.v1_4_0.Fan,FAN_3,11060
2023-02-21 12:32:26.000 -0600,7,#Thermal.v1_4_0.Fan,FAN_4,11270
2023-02-21 12:32:26.000 -0600,8,#Thermal.v1_4_0.Fan,FAN_1,11130
2023-02-21 12:32:26.000 -0600,8,#Thermal.v1_4_0.Fan,FAN_2,11130
2023-02-21 12:32:26.000 -0600,8,#Thermal.v1_4_0.Fan,FAN_3,11060
2023-02-21 12:32:26.000 -0600,8,#Thermal.v1_4_0.Fan,FAN_4,11130
2023-02-21 12:32:26.000 -0600,9,#Thermal.v1_4_0.Fan,FAN_1,9100
2023-02-21 12:32:26.000 -0600,9,#Thermal.v1_4_0.Fan,FAN_2,9100
2023-02-21 12:32:26.000 -0600,9,#Thermal.v1_4_0.Fan,FAN_3,9100
2023-02-21 12:32:26.000 -0600,9,#Thermal.v1_4_0.Fan,FAN_4,9100
2023-02-21 12:32:26.000 -0600,10,#Thermal.v1_4_0.Fan,FAN_1,9170
2023-02-21 12:32:26.000 -0600,10,#Thermal.v1_4_0.Fan,FAN_2,8960
2023-02-21 12:32:26.000 -0600,10,#Thermal.v1_4_0.Fan,FAN_3,9310
2023-02-21 12:32:26.000 -0600,10,#Thermal.v1_4_0.Fan,FAN_4,9100
2023-02-21 12:32:26.000 -0600,11,#Thermal.v1_4_0.Fan,FAN_1,9170
2023-02-21 12:32:26.000 -0600,11,#Thermal.v1_4_0.Fan,FAN_2,9310
2023-02-21 12:32:26.000 -0600,11,#Thermal.v1_4_0.Fan,FAN_3,9170
2023-02-21 12:32:26.000 -0600,11,#Thermal.v1_4_0.Fan,FAN_4,9170
2023-02-21 12:32:26.000 -0600,12,#Thermal.v1_4_0.Fan,FAN_1,9170
2023-02-21 12:32:26.000 -0600,12,#Thermal.v1_4_0.Fan,FAN_2,9310
2023-02-21 12:32:26.000 -0600,12,#Thermal.v1_4_0.Fan,FAN_3,9310
2023-02-21 12:32:26.000 -0600,12,#Thermal.v1_4_0.Fan,FAN_4,9170
2023-02-21 12:32:26.000 -0600,13,#Thermal.v1_4_0.Fan,FAN_1,8680
2023-02-21 12:32:26.000 -0600,13,#Thermal.v1_4_0.Fan,FAN_2,8680
2023-02-21 12:32:26.000 -0600,13,#Thermal.v1_4_0.Fan,FAN_3,8680
2023-02-21 12:32:26.000 -0600,13,#Thermal.v1_4_0.Fan,FAN_4,8680
2023-02-21 12:32:26.000 -0600,14,#Thermal.v1_4_0.Fan,FAN_1,8680
2023-02-21 12:32:26.000 -0600,14,#Thermal.v1_4_0.Fan,FAN_2,8680
2023-02-21 12:32:26.000 -0600,14,#Thermal.v1_4_0.Fan,FAN_3,8680
2023-02-21 12:32:26.000 -0600,14,#Thermal.v1_4_0.Fan,FAN_4,8540
2023-02-21 12:32:26.000 -0600,15,#Thermal.v1_4_0.Fan,FAN_1,8470
2023-02-21 12:32:26.000 -0600,15,#Thermal.v1_4_0.Fan,FAN_2,8540
2023-02-21 12:32:26.000 -0600,15,#Thermal.v1_4_0.Fan,FAN_3,8540
2023-02-21 12:32:26.000 -0600,15,#Thermal.v1_4_0.Fan,FAN_4,8470
2023-02-21 12:32:26.000 -0600,16,#Thermal.v1_4_0.Fan,FAN_1,8680
2023-02-21 12:32:26.000 -0600,16,#Thermal.v1_4_0.Fan,FAN_2,8680
2023-02-21 12:32:26.000 -0600,16,#Thermal.v1_4_0.Fan,FAN_3,8750
2023-02-21 12:32:26.000 -0600,16,#Thermal.v1_4_0.Fan,FAN_4,8680
2023-02-21 12:32:26.000 -0600,17,#Thermal.v1_4_0.Fan,FAN_1,10710
2023-02-21 12:32:26.000 -0600,17,#Thermal.v1_4_0.Fan,FAN_2,10710
2023-02-21 12:32:26.000 -0600,17,#Thermal.v1_4_0.Fan,FAN_3,10640
2023-02-21 12:32:26.000 -0600,17,#Thermal.v1_4_0.Fan,FAN_4,10710
2023-02-21 12:32:26.000 -0600,18,#Thermal.v1_4_0.Fan,FAN_1,10640
2023-02-21 12:32:26.000 -0600,18,#Thermal.v1_4_0.Fan,FAN_2,10710
2023-02-21 12:32:26.000 -0600,18,#Thermal.v1_4_0.Fan,FAN_3,10710
2023-02-21 12:32:26.000 -0600,18,#Thermal.v1_4_0.Fan,FAN_4,10710
2023-02-21 12:32:26.000 -0600,19,#Thermal.v1_4_0.Fan,FAN_1,10710
2023-02-21 12:32:26.000 -0600,19,#Thermal.v1_4_0.Fan,FAN_2,10710
2023-02-21 12:32:26.000 -0600,19,#Thermal.v1_4_0.Fan,FAN_3,10710
2023-02-21 12:32:26.000 -0600,19,#Thermal.v1_4_0.Fan,FAN_4,10710
2023-02-21 12:32:26.000 -0600,20,#Thermal.v1_4_0.Fan,FAN_1,10710
2023-02-21 12:32:26.000 -0600,20,#Thermal.v1_4_0.Fan,FAN_2,10710
2023-02-21 12:32:26.000 -0600,20,#Thermal.v1_4_0.Fan,FAN_3,10640
2023-02-21 12:32:26.000 -0600,20,#Thermal.v1_4_0.Fan,FAN_4,10710
2023-02-21 12:32:26.000 -0600,21,#Thermal.v1_4_0.Fan,FAN_1,9170
2023-02-21 12:32:26.000 -0600,21,#Thermal.v1_4_0.Fan,FAN_2,9170
2023-02-21 12:32:26.000 -0600,21,#Thermal.v1_4_0.Fan,FAN_3,9100
2023-02-21 12:32:26.000 -0600,21,#Thermal.v1_4_0.Fan,FAN_4,9170
2023-02-21 12:32:26.000 -0600,22,#Thermal.v1_4_0.Fan,FAN_1,9170
2023-02-21 12:32:26.000 -0600,22,#Thermal.v1_4_0.Fan,FAN_2,9170
2023-02-21 12:32:26.000 -0600,22,#Thermal.v1_4_0.Fan,FAN_3,9170
2023-02-21 12:32:26.000 -0600,22,#Thermal.v1_4_0.Fan,FAN_4,9170
2023-02-21 12:32:26.000 -0600,23,#Thermal.v1_4_0.Fan,FAN_1,9170
2023-02-21 12:32:26.000 -0600,23,#Thermal.v1_4_0.Fan,FAN_2,9170
2023-02-21 12:32:26.000 -0600,23,#Thermal.v1_4_0.Fan,FAN_3,9100
2023-02-21 12:32:26.000 -0600,23,#Thermal.v1_4_0.Fan,FAN_4,9170
2023-02-21 12:32:26.000 -0600,24,#Thermal.v1_4_0.Fan,FAN_1,9170
2023-02-21 12:32:26.000 -0600,24,#Thermal.v1_4_0.Fan,FAN_2,9170
2023-02-21 12:32:26.000 -0600,24,#Thermal.v1_4_0.Fan,FAN_3,9100
2023-02-21 12:32:26.000 -0600,24,#Thermal.v1_4_0.Fan,FAN_4,9170
2023-02-21 12:32:26.000 -0600,25,#Thermal.v1_4_0.Fan,FAN_1,10710
2023-02-21 12:32:26.000 -0600,25,#Thermal.v1_4_0.Fan,FAN_2,10710
2023-02-21 12:32:26.000 -0600,25,#Thermal.v1_4_0.Fan,FAN_3,10640
2023-02-21 12:32:26.000 -0600,25,#Thermal.v1_4_0.Fan,FAN_4,10710
2023-02-21 12:32:26.000 -0600,27,#Thermal.v1_4_0.Fan,FAN_1,10640
2023-02-21 12:32:26.000 -0600,27,#Thermal.v1_4_0.Fan,FAN_2,10710
2023-02-21 12:32:26.000 -0600,27,#Thermal.v1_4_0.Fan,FAN_3,10710
2023-02-21 12:32:26.000 -0600,27,#Thermal.v1_4_0.Fan,FAN_4,10710
2023-02-21 12:32:26.000 -0600,28,#Thermal.v1_4_0.Fan,FAN_1,10640
2023-02-21 12:32:26.000 -0600,28,#Thermal.v1_4_0.Fan,FAN_2,10710
2023-02-21 12:32:26.000 -0600,28,#Thermal.v1_4_0.Fan,FAN_3,10710
2023-02-21 12:32:26.000 -0600,28,#Thermal.v1_4_0.Fan,FAN_4,10710
2023-02-21 12:32:26.000 -0600,29,#Thermal.v1_4_0.Fan,FAN_1,9870
2023-02-21 12:32:26.000 -0600,29,#Thermal.v1_4_0.Fan,FAN_2,9870
2023-02-21 12:32:26.000 -0600,29,#Thermal.v1_4_0.Fan,FAN_3,9800
2023-02-21 12:32:26.000 -0600,29,#Thermal.v1_4_0.Fan,FAN_4,9800
2023-02-21 12:32:26.000 -0600,30,#Thermal.v1_4_0.Fan,FAN_1,9800
2023-02-21 12:32:26.000 -0600,30,#Thermal.v1_4_0.Fan,FAN_2,9800
2023-02-21 12:32:26.000 -0600,30,#Thermal.v1_4_0.Fan,FAN_3,9800
2023-02-21 12:32:26.000 -0600,30,#Thermal.v1_4_0.Fan,FAN_4,9800
2023-02-21 12:32:26.000 -0600,31,#Thermal.v1_4_0.Fan,FAN_1,9870
2023-02-21 12:32:26.000 -0600,31,#Thermal.v1_4_0.Fan,FAN_2,9800
2023-02-21 12:32:26.000 -0600,31,#Thermal.v1_4_0.Fan,FAN_3,9800
2023-02-21 12:32:26.000 -0600,31,#Thermal.v1_4_0.Fan,FAN_4,9800
2023-02-21 12:32:26.000 -0600,32,#Thermal.v1_4_0.Fan,FAN_1,9800
2023-02-21 12:32:26.000 -0600,32,#Thermal.v1_4_0.Fan,FAN_2,9800
2023-02-21 12:32:26.000 -0600,32,#Thermal.v1_4_0.Fan,FAN_3,9870
2023-02-21 12:32:26.000 -0600,32,#Thermal.v1_4_0.Fan,FAN_4,9800
2023-02-21 12:32:26.000 -0600,33,#Thermal.v1_4_0.Fan,FAN_1,8890
2023-02-21 12:32:26.000 -0600,33,#Thermal.v1_4_0.Fan,FAN_2,8890
2023-02-21 12:32:26.000 -0600,33,#Thermal.v1_4_0.Fan,FAN_3,8890
2023-02-21 12:32:26.000 -0600,33,#Thermal.v1_4_0.Fan,FAN_4,8750
2023-02-21 12:32:26.000 -0600,34,#Thermal.v1_4_0.Fan,FAN_1,8960
2023-02-21 12:32:26.000 -0600,34,#Thermal.v1_4_0.Fan,FAN_2,8750
2023-02-21 12:32:26.000 -0600,34,#Thermal.v1_4_0.Fan,FAN_3,8890
2023-02-21 12:32:26.000 -0600,34,#Thermal.v1_4_0.Fan,FAN_4,8890
2023-02-21 12:32:26.000 -0600,35,#Thermal.v1_4_0.Fan,FAN_1,8960
2023-02-21 12:32:26.000 -0600,35,#Thermal.v1_4_0.Fan,FAN_2,8750
2023-02-21 12:32:26.000 -0600,35,#Thermal.v1_4_0.Fan,FAN_3,8890
2023-02-21 12:32:26.000 -0600,35,#Thermal.v1_4_0.Fan,FAN_4,8890
2023-02-21 12:32:26.000 -0600,36,#Thermal.v1_4_0.Fan,FAN_1,8960
2023-02-21 12:32:26.000 -0600,36,#Thermal.v1_4_0.Fan,FAN_2,8750
2023-02-21 12:32:26.000 -0600,36,#Thermal.v1_4_0.Fan,FAN_3,8960
2023-02-21 12:32:26.000 -0600,36,#Thermal.v1_4_0.Fan,FAN_4,8750
2023-02-21 12:32:26.000 -0600,37,#Thermal.v1_4_0.Fan,FAN_1,9310
2023-02-21 12:32:26.000 -0600,37,#Thermal.v1_4_0.Fan,FAN_2,9450
2023-02-21 12:32:26.000 -0600,37,#Thermal.v1_4_0.Fan,FAN_3,9310
2023-02-21 12:32:26.000 -0600,37,#Thermal.v1_4_0.Fan,FAN_4,9380
2023-02-21 12:32:26.000 -0600,38,#Thermal.v1_4_0.Fan,FAN_1,9380
2023-02-21 12:32:26.000 -0600,38,#Thermal.v1_4_0.Fan,FAN_2,9450
2023-02-21 12:32:26.000 -0600,38,#Thermal.v1_4_0.Fan,FAN_3,9380
2023-02-21 12:32:26.000 -0600,38,#Thermal.v1_4_0.Fan,FAN_4,9450
2023-02-21 12:32:26.000 -0600,39,#Thermal.v1_4_0.Fan,FAN_1,9450
2023-02-21 12:32:26.000 -0600,39,#Thermal.v1_4_0.Fan,FAN_2,9450
2023-02-21 12:32:26.000 -0600,39,#Thermal.v1_4_0.Fan,FAN_3,9380
2023-02-21 12:32:26.000 -0600,39,#Thermal.v1_4_0.Fan,FAN_4,9380
2023-02-21 12:32:26.000 -0600,40,#Thermal.v1_4_0.Fan,FAN_1,9450
2023-02-21 12:32:26.000 -0600,40,#Thermal.v1_4_0.Fan,FAN_2,9450
2023-02-21 12:32:26.000 -0600,40,#Thermal.v1_4_0.Fan,FAN_3,9380
2023-02-21 12:32:26.000 -0600,40,#Thermal.v1_4_0.Fan,FAN_4,9380
2023-02-21 12:32:26.000 -0600,41,#Thermal.v1_4_0.Fan,FAN_1,9170
2023-02-21 12:32:26.000 -0600,41,#Thermal.v1_4_0.Fan,FAN_2,9170
2023-02-21 12:32:26.000 -0600,41,#Thermal.v1_4_0.Fan,FAN_3,9310
2023-02-21 12:32:26.000 -0600,41,#Thermal.v1_4_0.Fan,FAN_4,9310
2023-02-21 12:32:26.000 -0600,42,#Thermal.v1_4_0.Fan,FAN_1,9170
2023-02-21 12:32:26.000 -0600,42,#Thermal.v1_4_0.Fan,FAN_2,9170
2023-02-21 12:32:26.000 -0600,42,#Thermal.v1_4_0.Fan,FAN_3,9170
2023-02-21 12:32:26.000 -0600,42,#Thermal.v1_4_0.Fan,FAN_4,9310
2023-02-21 12:32:26.000 -0600,43,#Thermal.v1_4_0.Fan,FAN_1,9170
2023-02-21 12:32:26.000 -0600,43,#Thermal.v1_4_0.Fan,FAN_2,9170
2023-02-21 12:32:26.000 -0600,43,#Thermal.v1_4_0.Fan,FAN_3,9310
2023-02-21 12:32:26.000 -0600,43,#Thermal.v1_4_0.Fan,FAN_4,9310
2023-02-21 12:32:26.000 -0600,44,#Thermal.v1_4_0.Fan,FAN_1,9170
2023-02-21 12:32:26.000 -0600,44,#Thermal.v1_4_0.Fan,FAN_2,9170
2023-02-21 12:32:26.000 -0600,44,#Thermal.v1_4_0.Fan,FAN_3,9170
2023-02-21 12:32:26.000 -0600,44,#Thermal.v1_4_0.Fan,FAN_4,9170
2023-02-21 12:32:26.000 -0600,45,#Thermal.v1_4_0.Fan,FAN_1,9170
2023-02-21 12:32:26.000 -0600,45,#Thermal.v1_4_0.Fan,FAN_2,9170
2023-02-21 12:32:26.000 -0600,45,#Thermal.v1_4_0.Fan,FAN_3,9170
2023-02-21 12:32:26.000 -0600,45,#Thermal.v1_4_0.Fan,FAN_4,9170
2023-02-21 12:32:26.000 -0600,46,#Thermal.v1_4_0.Fan,FAN_1,9310
2023-02-21 12:32:26.000 -0600,46,#Thermal.v1_4_0.Fan,FAN_2,9380
2023-02-21 12:32:26.000 -0600,46,#Thermal.v1_4_0.Fan,FAN_3,9170
2023-02-21 12:32:26.000 -0600,46,#Thermal.v1_4_0.Fan,FAN_4,9310
2023-02-21 12:32:26.000 -0600,47,#Thermal.v1_4_0.Fan,FAN_1,9170
2023-02-21 12:32:26.000 -0600,47,#Thermal.v1_4_0.Fan,FAN_2,9170
2023-02-21 12:32:26.000 -0600,47,#Thermal.v1_4_0.Fan,FAN_3,9170
2023-02-21 12:32:26.000 -0600,47,#Thermal.v1_4_0.Fan,FAN_4,9170
2023-02-21 12:32:26.000 -0600,48,#Thermal.v1_4_0.Fan,FAN_1,9170
2023-02-21 12:32:26.000 -0600,48,#Thermal.v1_4_0.Fan,FAN_2,9170
2023-02-21 12:32:26.000 -0600,48,#Thermal.v1_4_0.Fan,FAN_3,9310
2023-02-21 12:32:26.000 -0600,48,#Thermal.v1_4_0.Fan,FAN_4,9170
2023-02-21 12:32:26.000 -0600,49,#Thermal.v1_4_0.Fan,FAN_1,9450
2023-02-21 12:32:26.000 -0600,49,#Thermal.v1_4_0.Fan,FAN_2,9380
2023-02-21 12:32:26.000 -0600,49,#Thermal.v1_4_0.Fan,FAN_3,9870
2023-02-21 12:32:26.000 -0600,49,#Thermal.v1_4_0.Fan,FAN_4,9380
2023-02-21 12:32:26.000 -0600,51,#Thermal.v1_4_0.Fan,FAN_1,9450
2023-02-21 12:32:26.000 -0600,51,#Thermal.v1_4_0.Fan,FAN_2,9380
2023-02-21 12:32:26.000 -0600,51,#Thermal.v1_4_0.Fan,FAN_3,9380
2023-02-21 12:32:26.000 -0600,51,#Thermal.v1_4_0.Fan,FAN_4,9450
2023-02-21 12:32:26.000 -0600,52,#Thermal.v1_4_0.Fan,FAN_1,9450
2023-02-21 12:32:26.000 -0600,52,#Thermal.v1_4_0.Fan,FAN_2,9310
2023-02-21 12:32:26.000 -0600,52,#Thermal.v1_4_0.Fan,FAN_3,9380
2023-02-21 12:32:26.000 -0600,52,#Thermal.v1_4_0.Fan,FAN_4,9450
2023-02-21 12:32:26.000 -0600,53,#Thermal.v1_4_0.Fan,FAN_1,8960
2023-02-21 12:32:26.000 -0600,53,#Thermal.v1_4_0.Fan,FAN_2,8890
2023-02-21 12:32:26.000 -0600,53,#Thermal.v1_4_0.Fan,FAN_3,8890
2023-02-21 12:32:26.000 -0600,53,#Thermal.v1_4_0.Fan,FAN_4,8890
2023-02-21 12:32:26.000 -0600,55,#Thermal.v1_4_0.Fan,FAN_1,8890
2023-02-21 12:32:26.000 -0600,55,#Thermal.v1_4_0.Fan,FAN_2,9170
2023-02-21 12:32:26.000 -0600,55,#Thermal.v1_4_0.Fan,FAN_3,8890
2023-02-21 12:32:26.000 -0600,55,#Thermal.v1_4_0.Fan,FAN_4,9170
2023-02-21 12:32:26.000 -0600,56,#Thermal.v1_4_0.Fan,FAN_1,8890
2023-02-21 12:32:26.000 -0600,56,#Thermal.v1_4_0.Fan,FAN_2,8960
2023-02-21 12:32:26.000 -0600,56,#Thermal.v1_4_0.Fan,FAN_3,8750
2023-02-21 12:32:26.000 -0600,56,#Thermal.v1_4_0.Fan,FAN_4,8890
2023-02-21 12:32:26.000 -0600,57,#Thermal.v1_4_0.Fan,FAN_1,10010
2023-02-21 12:32:26.000 -0600,57,#Thermal.v1_4_0.Fan,FAN_2,10010
2023-02-21 12:32:26.000 -0600,57,#Thermal.v1_4_0.Fan,FAN_3,9870
2023-02-21 12:32:26.000 -0600,57,#Thermal.v1_4_0.Fan,FAN_4,10080
2023-02-21 12:32:26.000 -0600,58,#Thermal.v1_4_0.Fan,FAN_1,10010
2023-02-21 12:32:26.000 -0600,58,#Thermal.v1_4_0.Fan,FAN_2,9870
2023-02-21 12:32:26.000 -0600,58,#Thermal.v1_4_0.Fan,FAN_3,10010
2023-02-21 12:32:26.000 -0600,58,#Thermal.v1_4_0.Fan,FAN_4,10080
2023-02-21 12:32:26.000 -0600,59,#Thermal.v1_4_0.Fan,FAN_1,9870
2023-02-21 12:32:26.000 -0600,59,#Thermal.v1_4_0.Fan,FAN_2,10010
2023-02-21 12:32:26.000 -0600,59,#Thermal.v1_4_0.Fan,FAN_3,10010
2023-02-21 12:32:26.000 -0600,59,#Thermal.v1_4_0.Fan,FAN_4,10080
2023-02-21 12:32:26.000 -0600,60,#Thermal.v1_4_0.Fan,FAN_1,9870
2023-02-21 12:32:26.000 -0600,60,#Thermal.v1_4_0.Fan,FAN_2,9870
2023-02-21 12:32:26.000 -0600,60,#Thermal.v1_4_0.Fan,FAN_3,10010
2023-02-21 12:32:26.000 -0600,60,#Thermal.v1_4_0.Fan,FAN_4,10080
2023-02-21 12:32:26.000 -0600,61,#Thermal.v1_4_0.Fan,FAN_1,10010
2023-02-21 12:32:26.000 -0600,61,#Thermal.v1_4_0.Fan,FAN_2,9450
2023-02-21 12:32:26.000 -0600,61,#Thermal.v1_4_0.Fan,FAN_3,10080
2023-02-21 12:32:26.000 -0600,61,#Thermal.v1_4_0.Fan,FAN_4,10080
2023-02-21 12:32:26.000 -0600,62,#Thermal.v1_4_0.Fan,FAN_1,10080
2023-02-21 12:32:26.000 -0600,62,#Thermal.v1_4_0.Fan,FAN_2,9450
2023-02-21 12:32:26.000 -0600,62,#Thermal.v1_4_0.Fan,FAN_3,10080
2023-02-21 12:32:26.000 -0600,62,#Thermal.v1_4_0.Fan,FAN_4,9450
2023-02-21 12:32:26.000 -0600,63,#Thermal.v1_4_0.Fan,FAN_1,9870
2023-02-21 12:32:26.000 -0600,63,#Thermal.v1_4_0.Fan,FAN_2,9870
2023-02-21 12:32:26.000 -0600,63,#Thermal.v1_4_0.Fan,FAN_3,9800
2023-02-21 12:32:26.000 -0600,63,#Thermal.v1_4_0.Fan,FAN_4,9870
2023-02-21 12:32:26.000 -0600,64,#Thermal.v1_4_0.Fan,FAN_1,9870
2023-02-21 12:32:26.000 -0600,64,#Thermal.v1_4_0.Fan,FAN_2,9870
2023-02-21 12:32:26.000 -0600,64,#Thermal.v1_4_0.Fan,FAN_3,9800
2023-02-21 12:32:26.000 -0600,64,#Thermal.v1_4_0.Fan,FAN_4,9870
2023-02-21 12:32:26.000 -0600,65,#Thermal.v1_4_0.Fan,FAN_1,10220
2023-02-21 12:32:26.000 -0600,65,#Thermal.v1_4_0.Fan,FAN_2,10430
2023-02-21 12:32:26.000 -0600,65,#Thermal.v1_4_0.Fan,FAN_3,10220
2023-02-21 12:32:26.000 -0600,65,#Thermal.v1_4_0.Fan,FAN_4,10430
2023-02-21 12:32:26.000 -0600,66,#Thermal.v1_4_0.Fan,FAN_1,10500
2023-02-21 12:32:26.000 -0600,66,#Thermal.v1_4_0.Fan,FAN_2,10430
2023-02-21 12:32:26.000 -0600,66,#Thermal.v1_4_0.Fan,FAN_3,10640
2023-02-21 12:32:26.000 -0600,66,#Thermal.v1_4_0.Fan,FAN_4,10500
2023-02-21 12:32:26.000 -0600,67,#Thermal.v1_4_0.Fan,FAN_1,9870
2023-02-21 12:32:26.000 -0600,67,#Thermal.v1_4_0.Fan,FAN_2,9870
2023-02-21 12:32:26.000 -0600,67,#Thermal.v1_4_0.Fan,FAN_3,9870
2023-02-21 12:32:26.000 -0600,67,#Thermal.v1_4_0.Fan,FAN_4,9870
2023-02-21 12:32:26.000 -0600,68,#Thermal.v1_4_0.Fan,FAN_1,10500
2023-02-21 12:32:26.000 -0600,68,#Thermal.v1_4_0.Fan,FAN_2,10430
2023-02-21 12:32:26.000 -0600,68,#Thermal.v1_4_0.Fan,FAN_3,10290
2023-02-21 12:32:26.000 -0600,68,#Thermal.v1_4_0.Fan,FAN_4,10500
2023-02-21 12:32:26.000 -0600,69,#Thermal.v1_4_0.Fan,FAN_1,10710
2023-02-21 12:32:26.000 -0600,69,#Thermal.v1_4_0.Fan,FAN_2,10710
2023-02-21 12:32:26.000 -0600,69,#Thermal.v1_4_0.Fan,FAN_3,10710
2023-02-21 12:32:26.000 -0600,69,#Thermal.v1_4_0.Fan,FAN_4,10710
2023-02-21 12:32:26.000 -0600,70,#Thermal.v1_4_0.Fan,FAN_1,10710
2023-02-21 12:32:26.000 -0600,70,#Thermal.v1_4_0.Fan,FAN_2,10710
2023-02-21 12:32:26.000 -0600,70,#Thermal.v1_4_0.Fan,FAN_3,10710
2023-02-21 12:32:26.000 -0600,70,#Thermal.v1_4_0.Fan,FAN_4,10710
2023-02-21 12:32:26.000 -0600,71,#Thermal.v1_4_0.Fan,FAN_1,10710
2023-02-21 12:32:26.000 -0600,71,#Thermal.v1_4_0.Fan,FAN_2,10710
2023-02-21 12:32:26.000 -0600,71,#Thermal.v1_4_0.Fan,FAN_3,10710
2023-02-21 12:32:26.000 -0600,71,#Thermal.v1_4_0.Fan,FAN_4,10710
2023-02-21 12:32:26.000 -0600,73,#Thermal.v1_4_0.Fan,FAN_1,9450
2023-02-21 12:32:26.000 -0600,73,#Thermal.v1_4_0.Fan,FAN_2,9450
2023-02-21 12:32:26.000 -0600,73,#Thermal.v1_4_0.Fan,FAN_3,9590
2023-02-21 12:32:26.000 -0600,73,#Thermal.v1_4_0.Fan,FAN_4,9380
2023-02-21 12:32:26.000 -0600,74,#Thermal.v1_4_0.Fan,FAN_1,9450
2023-02-21 12:32:26.000 -0600,74,#Thermal.v1_4_0.Fan,FAN_2,9450
2023-02-21 12:32:26.000 -0600,74,#Thermal.v1_4_0.Fan,FAN_3,9590
2023-02-21 12:32:26.000 -0600,74,#Thermal.v1_4_0.Fan,FAN_4,9450
2023-02-21 12:32:26.000 -0600,75,#Thermal.v1_4_0.Fan,FAN_1,9450
2023-02-21 12:32:26.000 -0600,75,#Thermal.v1_4_0.Fan,FAN_2,9450
2023-02-21 12:32:26.000 -0600,75,#Thermal.v1_4_0.Fan,FAN_3,9590
2023-02-21 12:32:26.000 -0600,75,#Thermal.v1_4_0.Fan,FAN_4,9590
2023-02-21 12:32:26.000 -0600,76,#Thermal.v1_4_0.Fan,FAN_1,9450
2023-02-21 12:32:26.000 -0600,76,#Thermal.v1_4_0.Fan,FAN_2,9450
2023-02-21 12:32:26.000 -0600,76,#Thermal.v1_4_0.Fan,FAN_3,9590
2023-02-21 12:32:26.000 -0600,76,#Thermal.v1_4_0.Fan,FAN_4,9590
2023-02-21 12:32:26.000 -0600,77,#Thermal.v1_4_0.Fan,FAN_1,9310
2023-02-21 12:32:26.000 -0600,77,#Thermal.v1_4_0.Fan,FAN_2,9310
2023-02-21 12:32:26.000 -0600,77,#Thermal.v1_4_0.Fan,FAN_3,9380
2023-02-21 12:32:26.000 -0600,77,#Thermal.v1_4_0.Fan,FAN_4,9310
2023-02-21 12:32:26.000 -0600,78,#Thermal.v1_4_0.Fan,FAN_1,9310
2023-02-21 12:32:26.000 -0600,78,#Thermal.v1_4_0.Fan,FAN_2,9310
2023-02-21 12:32:26.000 -0600,78,#Thermal.v1_4_0.Fan,FAN_3,9310
2023-02-21 12:32:26.000 -0600,78,#Thermal.v1_4_0.Fan,FAN_4,9310
2023-02-21 12:32:26.000 -0600,79,#Thermal.v1_4_0.Fan,FAN_1,9310
2023-02-21 12:32:26.000 -0600,79,#Thermal.v1_4_0.Fan,FAN_2,9310
2023-02-21 12:32:26.000 -0600,79,#Thermal.v1_4_0.Fan,FAN_3,9380
2023-02-21 12:32:26.000 -0600,79,#Thermal.v1_4_0.Fan,FAN_4,9310
2023-02-21 12:32:26.000 -0600,80,#Thermal.v1_4_0.Fan,FAN_1,9310
2023-02-21 12:32:26.000 -0600,80,#Thermal.v1_4_0.Fan,FAN_2,9310
2023-02-21 12:32:26.000 -0600,80,#Thermal.v1_4_0.Fan,FAN_3,9310
2023-02-21 12:32:26.000 -0600,80,#Thermal.v1_4_0.Fan,FAN_4,9310
2023-02-21 12:32:26.000 -0600,81,#Thermal.v1_4_0.Fan,FAN_1,9450
2023-02-21 12:32:26.000 -0600,81,#Thermal.v1_4_0.Fan,FAN_2,9450
2023-02-21 12:32:26.000 -0600,81,#Thermal.v1_4_0.Fan,FAN_3,9590
2023-02-21 12:32:26.000 -0600,81,#Thermal.v1_4_0.Fan,FAN_4,9590
2023-02-21 12:32:26.000 -0600,82,#Thermal.v1_4_0.Fan,FAN_1,9800
2023-02-21 12:32:26.000 -0600,82,#Thermal.v1_4_0.Fan,FAN_2,9380
2023-02-21 12:32:26.000 -0600,82,#Thermal.v1_4_0.Fan,FAN_3,9660
2023-02-21 12:32:26.000 -0600,82,#Thermal.v1_4_0.Fan,FAN_4,9450
2023-02-21 12:32:26.000 -0600,83,#Thermal.v1_4_0.Fan,FAN_1,9590
2023-02-21 12:32:26.000 -0600,83,#Thermal.v1_4_0.Fan,FAN_2,9590
2023-02-21 12:32:26.000 -0600,83,#Thermal.v1_4_0.Fan,FAN_3,9590
2023-02-21 12:32:26.000 -0600,83,#Thermal.v1_4_0.Fan,FAN_4,9660
2023-02-21 12:32:26.000 -0600,84,#Thermal.v1_4_0.Fan,FAN_1,9450
2023-02-21 12:32:26.000 -0600,84,#Thermal.v1_4_0.Fan,FAN_2,9800
2023-02-21 12:32:26.000 -0600,84,#Thermal.v1_4_0.Fan,FAN_3,9450
2023-02-21 12:32:26.000 -0600,84,#Thermal.v1_4_0.Fan,FAN_4,9800
2023-02-21 12:32:26.000 -0600,85,#Thermal.v1_4_0.Fan,FAN_1,10430
2023-02-21 12:32:26.000 -0600,85,#Thermal.v1_4_0.Fan,FAN_2,10500
2023-02-21 12:32:26.000 -0600,85,#Thermal.v1_4_0.Fan,FAN_3,10500
2023-02-21 12:32:26.000 -0600,85,#Thermal.v1_4_0.Fan,FAN_4,10500
2023-02-21 12:32:26.000 -0600,86,#Thermal.v1_4_0.Fan,FAN_1,10430
2023-02-21 12:32:26.000 -0600,86,#Thermal.v1_4_0.Fan,FAN_2,10500
2023-02-21 12:32:26.000 -0600,86,#Thermal.v1_4_0.Fan,FAN_3,10500
2023-02-21 12:32:26.000 -0600,86,#Thermal.v1_4_0.Fan,FAN_4,10500
2023-02-21 12:32:26.000 -0600,87,#Thermal.v1_4_0.Fan,FAN_1,10430
2023-02-21 12:32:26.000 -0600,87,#Thermal.v1_4_0.Fan,FAN_2,10500
2023-02-21 12:32:26.000 -0600,87,#Thermal.v1_4_0.Fan,FAN_3,10500
2023-02-21 12:32:26.000 -0600,87,#Thermal.v1_4_0.Fan,FAN_4,10500
2023-02-21 12:32:26.000 -0600,88,#Thermal.v1_4_0.Fan,FAN_1,10500
2023-02-21 12:32:26.000 -0600,88,#Thermal.v1_4_0.Fan,FAN_2,10500
2023-02-21 12:32:26.000 -0600,88,#Thermal.v1_4_0.Fan,FAN_3,10500
2023-02-21 12:32:26.000 -0600,88,#Thermal.v1_4_0.Fan,FAN_4,10500
2023-02-21 12:32:26.000 -0600,89,#Thermal.v1_4_0.Fan,FAN_1,9170
2023-02-21 12:32:26.000 -0600,89,#Thermal.v1_4_0.Fan,FAN_2,9170
2023-02-21 12:32:26.000 -0600,89,#Thermal.v1_4_0.Fan,FAN_3,9170
2023-02-21 12:32:26.000 -0600,89,#Thermal.v1_4_0.Fan,FAN_4,9100
2023-02-21 12:32:26.000 -0600,91,#Thermal.v1_4_0.Fan,FAN_1,9170
2023-02-21 12:32:26.000 -0600,91,#Thermal.v1_4_0.Fan,FAN_2,9170
2023-02-21 12:32:26.000 -0600,91,#Thermal.v1_4_0.Fan,FAN_3,9170
2023-02-21 12:32:26.000 -0600,91,#Thermal.v1_4_0.Fan,FAN_4,9170
2023-02-21 12:32:26.000 -0600,92,#Thermal.v1_4_0.Fan,FAN_1,9170
2023-02-21 12:32:26.000 -0600,92,#Thermal.v1_4_0.Fan,FAN_2,9170
2023-02-21 12:32:26.000 -0600,92,#Thermal.v1_4_0.Fan,FAN_3,9100
2023-02-21 12:32:26.000 -0600,92,#Thermal.v1_4_0.Fan,FAN_4,9100
2023-02-21 12:32:26.000 -0600,93,#Thermal.v1_4_0.Fan,FAN_1,8680
2023-02-21 12:32:26.000 -0600,93,#Thermal.v1_4_0.Fan,FAN_2,8680
2023-02-21 12:32:26.000 -0600,93,#Thermal.v1_4_0.Fan,FAN_3,8540
2023-02-21 12:32:26.000 -0600,93,#Thermal.v1_4_0.Fan,FAN_4,8750
2023-02-21 12:32:26.000 -0600,94,#Thermal.v1_4_0.Fan,FAN_1,8540
2023-02-21 12:32:26.000 -0600,94,#Thermal.v1_4_0.Fan,FAN_2,8540
2023-02-21 12:32:26.000 -0600,94,#Thermal.v1_4_0.Fan,FAN_3,8680
2023-02-21 12:32:26.000 -0600,94,#Thermal.v1_4_0.Fan,FAN_4,8540
2023-02-21 12:32:26.000 -0600,95,#Thermal.v1_4_0.Fan,FAN_1,8540
2023-02-21 12:32:26.000 -0600,95,#Thermal.v1_4_0.Fan,FAN_2,8540
2023-02-21 12:32:26.000 -0600,95,#Thermal.v1_4_0.Fan,FAN_3,8470
2023-02-21 12:32:26.000 -0600,95,#Thermal.v1_4_0.Fan,FAN_4,8540
2023-02-21 12:32:26.000 -0600,96,#Thermal.v1_4_0.Fan,FAN_1,8540
2023-02-21 12:32:26.000 -0600,96,#Thermal.v1_4_0.Fan,FAN_2,8540
2023-02-21 12:32:26.000 -0600,96,#Thermal.v1_4_0.Fan,FAN_3,8540
2023-02-21 12:32:26.000 -0600,96,#Thermal.v1_4_0.Fan,FAN_4,8540
2023-02-21 12:32:26.000 -0600,98,#Thermal.v1_4_0.Fan,FAN_1,9170
2023-02-21 12:32:26.000 -0600,98,#Thermal.v1_4_0.Fan,FAN_2,9170
2023-02-21 12:32:26.000 -0600,98,#Thermal.v1_4_0.Fan,FAN_3,9170
2023-02-21 12:32:26.000 -0600,98,#Thermal.v1_4_0.Fan,FAN_4,9170
2023-02-21 12:32:26.000 -0600,99,#Thermal.v1_4_0.Fan,FAN_1,9170
2023-02-21 12:32:26.000 -0600,99,#Thermal.v1_4_0.Fan,FAN_2,9170
2023-02-21 12:32:26.000 -0600,99,#Thermal.v1_4_0.Fan,FAN_3,9170
2023-02-21 12:32:26.000 -0600,99,#Thermal.v1_4_0.Fan,FAN_4,9170
2023-02-21 12:32:26.000 -0600,100,#Thermal.v1_4_0.Fan,FAN_1,9310
2023-02-21 12:32:26.000 -0600,100,#Thermal.v1_4_0.Fan,FAN_2,9310
2023-02-21 12:32:26.000 -0600,100,#Thermal.v1_4_0.Fan,FAN_3,9310
2023-02-21 12:32:26.000 -0600,100,#Thermal.v1_4_0.Fan,FAN_4,9310
2023-02-21 12:32:26.000 -0600,101,#Thermal.v1_4_0.Fan,FAN_1,9100
2023-02-21 12:32:26.000 -0600,101,#Thermal.v1_4_0.Fan,FAN_2,9170
2023-02-21 12:32:26.000 -0600,101,#Thermal.v1_4_0.Fan,FAN_3,9100
2023-02-21 12:32:26.000 -0600,101,#Thermal.v1_4_0.Fan,FAN_4,9170
2023-02-21 12:32:26.000 -0600,102,#Thermal.v1_4_0.Fan,FAN_1,9170
2023-02-21 12:32:26.000 -0600,102,#Thermal.v1_4_0.Fan,FAN_2,9170
2023-02-21 12:32:26.000 -0600,102,#Thermal.v1_4_0.Fan,FAN_3,9170
2023-02-21 12:32:26.000 -0600,102,#Thermal.v1_4_0.Fan,FAN_4,9170
2023-02-21 12:32:26.000 -0600,103,#Thermal.v1_4_0.Fan,FAN_1,9100
2023-02-21 12:32:26.000 -0600,103,#Thermal.v1_4_0.Fan,FAN_2,9170
2023-02-21 12:32:26.000 -0600,103,#Thermal.v1_4_0.Fan,FAN_3,9170
2023-02-21 12:32:26.000 -0600,103,#Thermal.v1_4_0.Fan,FAN_4,9170
2023-02-21 12:32:26.000 -0600,104,#Thermal.v1_4_0.Fan,FAN_1,9100
2023-02-21 12:32:26.000 -0600,104,#Thermal.v1_4_0.Fan,FAN_2,9170
2023-02-21 12:32:26.000 -0600,104,#Thermal.v1_4_0.Fan,FAN_3,9100
2023-02-21 12:32:26.000 -0600,104,#Thermal.v1_4_0.Fan,FAN_4,9100
2023-02-21 12:32:26.000 -0600,105,#Thermal.v1_4_0.Fan,FAN_1,8890
2023-02-21 12:32:26.000 -0600,105,#Thermal.v1_4_0.Fan,FAN_2,8890
2023-02-21 12:32:26.000 -0600,105,#Thermal.v1_4_0.Fan,FAN_3,8750
2023-02-21 12:32:26.000 -0600,105,#Thermal.v1_4_0.Fan,FAN_4,8750
2023-02-21 12:32:26.000 -0600,106,#Thermal.v1_4_0.Fan,FAN_1,8750
2023-02-21 12:32:26.000 -0600,106,#Thermal.v1_4_0.Fan,FAN_2,8890
2023-02-21 12:32:26.000 -0600,106,#Thermal.v1_4_0.Fan,FAN_3,8750
2023-02-21 12:32:26.000 -0600,106,#Thermal.v1_4_0.Fan,FAN_4,8890
2023-02-21 12:32:26.000 -0600,107,#Thermal.v1_4_0.Fan,FAN_1,8750
2023-02-21 12:32:26.000 -0600,107,#Thermal.v1_4_0.Fan,FAN_2,8890
2023-02-21 12:32:26.000 -0600,107,#Thermal.v1_4_0.Fan,FAN_3,8890
2023-02-21 12:32:26.000 -0600,107,#Thermal.v1_4_0.Fan,FAN_4,8890
2023-02-21 12:32:26.000 -0600,108,#Thermal.v1_4_0.Fan,FAN_1,8750
2023-02-21 12:32:26.000 -0600,108,#Thermal.v1_4_0.Fan,FAN_2,8890
2023-02-21 12:32:26.000 -0600,108,#Thermal.v1_4_0.Fan,FAN_3,8750
2023-02-21 12:32:26.000 -0600,108,#Thermal.v1_4_0.Fan,FAN_4,8890
2023-02-21 12:32:26.000 -0600,109,#Thermal.v1_4_0.Fan,FAN_1,8890
2023-02-21 12:32:26.000 -0600,109,#Thermal.v1_4_0.Fan,FAN_2,8750
2023-02-21 12:32:26.000 -0600,109,#Thermal.v1_4_0.Fan,FAN_3,8890
2023-02-21 12:32:26.000 -0600,109,#Thermal.v1_4_0.Fan,FAN_4,8960
2023-02-21 12:32:26.000 -0600,110,#Thermal.v1_4_0.Fan,FAN_1,8890
2023-02-21 12:32:26.000 -0600,110,#Thermal.v1_4_0.Fan,FAN_2,8890
2023-02-21 12:32:26.000 -0600,110,#Thermal.v1_4_0.Fan,FAN_3,8750
2023-02-21 12:32:26.000 -0600,110,#Thermal.v1_4_0.Fan,FAN_4,8960
2023-02-21 12:32:26.000 -0600,111,#Thermal.v1_4_0.Fan,FAN_1,8680
2023-02-21 12:32:26.000 -0600,111,#Thermal.v1_4_0.Fan,FAN_2,8890
2023-02-21 12:32:26.000 -0600,111,#Thermal.v1_4_0.Fan,FAN_3,8750
2023-02-21 12:32:26.000 -0600,111,#Thermal.v1_4_0.Fan,FAN_4,8890
2023-02-21 12:32:26.000 -0600,112,#Thermal.v1_4_0.Fan,FAN_1,8890
2023-02-21 12:32:26.000 -0600,112,#Thermal.v1_4_0.Fan,FAN_2,8890
2023-02-21 12:32:26.000 -0600,112,#Thermal.v1_4_0.Fan,FAN_3,8750
2023-02-21 12:32:26.000 -0600,112,#Thermal.v1_4_0.Fan,FAN_4,8890
2023-02-21 12:32:26.000 -0600,113,#Thermal.v1_4_0.Fan,FAN_1,7840
2023-02-21 12:32:26.000 -0600,113,#Thermal.v1_4_0.Fan,FAN_2,7910
2023-02-21 12:32:26.000 -0600,113,#Thermal.v1_4_0.Fan,FAN_3,7840
2023-02-21 12:32:26.000 -0600,113,#Thermal.v1_4_0.Fan,FAN_4,7700
2023-02-21 12:32:26.000 -0600,114,#Thermal.v1_4_0.Fan,FAN_1,7840
2023-02-21 12:32:26.000 -0600,114,#Thermal.v1_4_0.Fan,FAN_2,7700
2023-02-21 12:32:26.000 -0600,114,#Thermal.v1_4_0.Fan,FAN_3,7840
2023-02-21 12:32:26.000 -0600,114,#Thermal.v1_4_0.Fan,FAN_4,7700
2023-02-21 12:32:26.000 -0600,115,#Thermal.v1_4_0.Fan,FAN_1,7840
2023-02-21 12:32:26.000 -0600,115,#Thermal.v1_4_0.Fan,FAN_2,7700
2023-02-21 12:32:26.000 -0600,115,#Thermal.v1_4_0.Fan,FAN_3,7840
2023-02-21 12:32:26.000 -0600,115,#Thermal.v1_4_0.Fan,FAN_4,7700
2023-02-21 12:32:26.000 -0600,116,#Thermal.v1_4_0.Fan,FAN_1,7840
2023-02-21 12:32:26.000 -0600,116,#Thermal.v1_4_0.Fan,FAN_2,7840
2023-02-21 12:32:26.000 -0600,116,#Thermal.v1_4_0.Fan,FAN_3,7910
2023-02-21 12:32:26.000 -0600,116,#Thermal.v1_4_0.Fan,FAN_4,7840
2023-02-21 12:32:26.000 -0600,117,#Thermal.v1_4_0.Fan,FAN_1,9870
2023-02-21 12:32:26.000 -0600,117,#Thermal.v1_4_0.Fan,FAN_2,10010
2023-02-21 12:32:26.000 -0600,117,#Thermal.v1_4_0.Fan,FAN_3,9870
2023-02-21 12:32:26.000 -0600,117,#Thermal.v1_4_0.Fan,FAN_4,10220
2023-02-21 12:32:26.000 -0600,118,#Thermal.v1_4_0.Fan,FAN_1,10010
2023-02-21 12:32:26.000 -0600,118,#Thermal.v1_4_0.Fan,FAN_2,10010
2023-02-21 12:32:26.000 -0600,118,#Thermal.v1_4_0.Fan,FAN_3,10010
2023-02-21 12:32:26.000 -0600,118,#Thermal.v1_4_0.Fan,FAN_4,10220
2023-02-21 12:32:26.000 -0600,119,#Thermal.v1_4_0.Fan,FAN_1,9800
2023-02-21 12:32:26.000 -0600,119,#Thermal.v1_4_0.Fan,FAN_2,10010
2023-02-21 12:32:26.000 -0600,119,#Thermal.v1_4_0.Fan,FAN_3,9660
2023-02-21 12:32:26.000 -0600,119,#Thermal.v1_4_0.Fan,FAN_4,10080
2023-02-21 12:32:26.000 -0600,120,#Thermal.v1_4_0.Fan,FAN_1,9870
2023-02-21 12:32:26.000 -0600,120,#Thermal.v1_4_0.Fan,FAN_2,9310
2023-02-21 12:32:26.000 -0600,120,#Thermal.v1_4_0.Fan,FAN_3,9870
2023-02-21 12:32:26.000 -0600,120,#Thermal.v1_4_0.Fan,FAN_4,9310
2023-02-21 12:32:26.000 -0600,121,#Thermal.v1_4_0.Fan,FAN_1,7910
2023-02-21 12:32:26.000 -0600,121,#Thermal.v1_4_0.Fan,FAN_2,7910
2023-02-21 12:32:26.000 -0600,121,#Thermal.v1_4_0.Fan,FAN_3,7840
2023-02-21 12:32:26.000 -0600,121,#Thermal.v1_4_0.Fan,FAN_4,7910
2023-02-21 12:32:26.000 -0600,122,#Thermal.v1_4_0.Fan,FAN_1,9380
2023-02-21 12:32:26.000 -0600,122,#Thermal.v1_4_0.Fan,FAN_2,9450
2023-02-21 12:32:26.000 -0600,122,#Thermal.v1_4_0.Fan,FAN_3,9450
2023-02-21 12:32:26.000 -0600,122,#Thermal.v1_4_0.Fan,FAN_4,9380
2023-02-21 12:32:26.000 -0600,123,#Thermal.v1_4_0.Fan,FAN_1,9450
2023-02-21 12:32:26.000 -0600,123,#Thermal.v1_4_0.Fan,FAN_2,9450
2023-02-21 12:32:26.000 -0600,123,#Thermal.v1_4_0.Fan,FAN_3,9450
2023-02-21 12:32:26.000 -0600,123,#Thermal.v1_4_0.Fan,FAN_4,9450
2023-02-21 12:32:26.000 -0600,124,#Thermal.v1_4_0.Fan,FAN_1,9450
2023-02-21 12:32:26.000 -0600,124,#Thermal.v1_4_0.Fan,FAN_2,9380
2023-02-21 12:32:26.000 -0600,124,#Thermal.v1_4_0.Fan,FAN_3,9450
2023-02-21 12:32:26.000 -0600,124,#Thermal.v1_4_0.Fan,FAN_4,9450
2023-02-21 12:32:26.000 -0600,126,#Thermal.v1_4_0.Fan,FAN_1,9660
2023-02-21 12:32:26.000 -0600,126,#Thermal.v1_4_0.Fan,FAN_2,9380
2023-02-21 12:32:26.000 -0600,126,#Thermal.v1_4_0.Fan,FAN_3,9800
2023-02-21 12:32:26.000 -0600,126,#Thermal.v1_4_0.Fan,FAN_4,9450
2023-02-21 12:32:26.000 -0600,127,#Thermal.v1_4_0.Fan,FAN_1,10010
2023-02-21 12:32:26.000 -0600,127,#Thermal.v1_4_0.Fan,FAN_2,9660
2023-02-21 12:32:26.000 -0600,127,#Thermal.v1_4_0.Fan,FAN_3,9660
2023-02-21 12:32:26.000 -0600,127,#Thermal.v1_4_0.Fan,FAN_4,9870
2023-02-21 12:32:26.000 -0600,128,#Thermal.v1_4_0.Fan,FAN_1,9870
2023-02-21 12:32:26.000 -0600,128,#Thermal.v1_4_0.Fan,FAN_2,9380
2023-02-21 12:32:26.000 -0600,128,#Thermal.v1_4_0.Fan,FAN_3,9800
2023-02-21 12:32:26.000 -0600,128,#Thermal.v1_4_0.Fan,FAN_4,9660
2023-02-21 12:32:26.000 -0600,129,#Thermal.v1_4_0.Fan,FAN_1,9450
2023-02-21 12:32:26.000 -0600,129,#Thermal.v1_4_0.Fan,FAN_2,9660
2023-02-21 12:32:26.000 -0600,129,#Thermal.v1_4_0.Fan,FAN_3,9450
2023-02-21 12:32:26.000 -0600,129,#Thermal.v1_4_0.Fan,FAN_4,9800
2023-02-21 12:32:26.000 -0600,130,#Thermal.v1_4_0.Fan,FAN_1,11060
2023-02-21 12:32:26.000 -0600,130,#Thermal.v1_4_0.Fan,FAN_2,10920
2023-02-21 12:32:26.000 -0600,130,#Thermal.v1_4_0.Fan,FAN_3,11060
2023-02-21 12:32:26.000 -0600,130,#Thermal.v1_4_0.Fan,FAN_4,11060
2023-02-21 12:32:26.000 -0600,131,#Thermal.v1_4_0.Fan,FAN_1,10920
2023-02-21 12:32:26.000 -0600,131,#Thermal.v1_4_0.Fan,FAN_2,10920
2023-02-21 12:32:26.000 -0600,131,#Thermal.v1_4_0.Fan,FAN_3,10920
2023-02-21 12:32:26.000 -0600,131,#Thermal.v1_4_0.Fan,FAN_4,11060
2023-02-21 12:32:26.000 -0600,132,#Thermal.v1_4_0.Fan,FAN_1,10920
2023-02-21 12:32:26.000 -0600,132,#Thermal.v1_4_0.Fan,FAN_2,10920
2023-02-21 12:32:26.000 -0600,132,#Thermal.v1_4_0.Fan,FAN_3,10920
2023-02-21 12:32:26.000 -0600,132,#Thermal.v1_4_0.Fan,FAN_4,10920
2023-02-21 12:32:26.000 -0600,134,#Thermal.v1_4_0.Fan,FAN_1,5670
2023-02-21 12:32:26.000 -0600,134,#Thermal.v1_4_0.Fan,FAN_2,5740
2023-02-21 12:32:26.000 -0600,134,#Thermal.v1_4_0.Fan,FAN_3,5670
2023-02-21 12:32:26.000 -0600,134,#Thermal.v1_4_0.Fan,FAN_4,5740
2023-02-21 12:32:26.000 -0600,135,#Thermal.v1_4_0.Fan,FAN_1,5670
2023-02-21 12:32:26.000 -0600,135,#Thermal.v1_4_0.Fan,FAN_2,5740
2023-02-21 12:32:26.000 -0600,135,#Thermal.v1_4_0.Fan,FAN_3,5740
2023-02-21 12:32:26.000 -0600,135,#Thermal.v1_4_0.Fan,FAN_4,5740
2023-02-21 12:32:26.000 -0600,136,#Thermal.v1_4_0.Fan,FAN_1,5740
2023-02-21 12:32:26.000 -0600,136,#Thermal.v1_4_0.Fan,FAN_2,5670
2023-02-21 12:32:26.000 -0600,136,#Thermal.v1_4_0.Fan,FAN_3,5670
2023-02-21 12:32:26.000 -0600,136,#Thermal.v1_4_0.Fan,FAN_4,5740
2023-02-21 12:32:26.000 -0600,137,#Thermal.v1_4_0.Fan,FAN_1,5740
2023-02-21 12:32:26.000 -0600,137,#Thermal.v1_4_0.Fan,FAN_2,5670
2023-02-21 12:32:26.000 -0600,137,#Thermal.v1_4_0.Fan,FAN_3,5740
2023-02-21 12:32:26.000 -0600,137,#Thermal.v1_4_0.Fan,FAN_4,5740
2023-02-21 12:32:26.000 -0600,138,#Thermal.v1_4_0.Fan,FAN_1,9310
2023-02-21 12:32:26.000 -0600,138,#Thermal.v1_4_0.Fan,FAN_2,9310
2023-02-21 12:32:26.000 -0600,138,#Thermal.v1_4_0.Fan,FAN_3,9170
2023-02-21 12:32:26.000 -0600,138,#Thermal.v1_4_0.Fan,FAN_4,9310
2023-02-21 12:32:26.000 -0600,139,#Thermal.v1_4_0.Fan,FAN_1,8960
2023-02-21 12:32:26.000 -0600,139,#Thermal.v1_4_0.Fan,FAN_2,9100
2023-02-21 12:32:26.000 -0600,139,#Thermal.v1_4_0.Fan,FAN_3,8960
2023-02-21 12:32:26.000 -0600,139,#Thermal.v1_4_0.Fan,FAN_4,8750
2023-02-21 12:32:26.000 -0600,140,#Thermal.v1_4_0.Fan,FAN_1,9310
2023-02-21 12:32:26.000 -0600,140,#Thermal.v1_4_0.Fan,FAN_2,9310
2023-02-21 12:32:26.000 -0600,140,#Thermal.v1_4_0.Fan,FAN_3,9170
2023-02-21 12:32:26.000 -0600,140,#Thermal.v1_4_0.Fan,FAN_4,9310
2023-02-21 12:32:26.000 -0600,141,#Thermal.v1_4_0.Fan,FAN_1,9170
2023-02-21 12:32:26.000 -0600,141,#Thermal.v1_4_0.Fan,FAN_2,9310
2023-02-21 12:32:26.000 -0600,141,#Thermal.v1_4_0.Fan,FAN_3,9170
2023-02-21 12:32:26.000 -0600,141,#Thermal.v1_4_0.Fan,FAN_4,9310
2023-02-21 12:32:26.000 -0600,142,#Thermal.v1_4_0.Fan,FAN_1,8750
2023-02-21 12:32:26.000 -0600,142,#Thermal.v1_4_0.Fan,FAN_2,8750
2023-02-21 12:32:26.000 -0600,142,#Thermal.v1_4_0.Fan,FAN_3,8750
2023-02-21 12:32:26.000 -0600,142,#Thermal.v1_4_0.Fan,FAN_4,8750
2023-02-21 12:32:26.000 -0600,143,#Thermal.v1_4_0.Fan,FAN_1,8680
2023-02-21 12:32:26.000 -0600,143,#Thermal.v1_4_0.Fan,FAN_2,8750
2023-02-21 12:32:26.000 -0600,143,#Thermal.v1_4_0.Fan,FAN_3,8750
2023-02-21 12:32:26.000 -0600,143,#Thermal.v1_4_0.Fan,FAN_4,8680
2023-02-21 12:32:26.000 -0600,144,#Thermal.v1_4_0.Fan,FAN_1,8680
2023-02-21 12:32:26.000 -0600,144,#Thermal.v1_4_0.Fan,FAN_2,8750
2023-02-21 12:32:26.000 -0600,144,#Thermal.v1_4_0.Fan,FAN_3,8750
2023-02-21 12:32:26.000 -0600,144,#Thermal.v1_4_0.Fan,FAN_4,8750
2023-02-21 12:32:26.000 -0600,145,#Thermal.v1_4_0.Fan,FAN_1,8680
2023-02-21 12:32:26.000 -0600,145,#Thermal.v1_4_0.Fan,FAN_2,8680
2023-02-21 12:32:26.000 -0600,145,#Thermal.v1_4_0.Fan,FAN_3,8750
2023-02-21 12:32:26.000 -0600,145,#Thermal.v1_4_0.Fan,FAN_4,8750
2023-02-21 12:32:26.000 -0600,146,#Thermal.v1_4_0.Fan,FAN_1,9870
2023-02-21 12:32:26.000 -0600,146,#Thermal.v1_4_0.Fan,FAN_2,9870
2023-02-21 12:32:26.000 -0600,146,#Thermal.v1_4_0.Fan,FAN_3,9870
2023-02-21 12:32:26.000 -0600,146,#Thermal.v1_4_0.Fan,FAN_4,9800
2023-02-21 12:32:26.000 -0600,147,#Thermal.v1_4_0.Fan,FAN_1,9870
2023-02-21 12:32:26.000 -0600,147,#Thermal.v1_4_0.Fan,FAN_2,9660
2023-02-21 12:32:26.000 -0600,147,#Thermal.v1_4_0.Fan,FAN_3,10010
2023-02-21 12:32:26.000 -0600,147,#Thermal.v1_4_0.Fan,FAN_4,9660
2023-02-21 12:32:26.000 -0600,148,#Thermal.v1_4_0.Fan,FAN_1,9590
2023-02-21 12:32:26.000 -0600,148,#Thermal.v1_4_0.Fan,FAN_2,9800
2023-02-21 12:32:26.000 -0600,148,#Thermal.v1_4_0.Fan,FAN_3,9800
2023-02-21 12:32:26.000 -0600,148,#Thermal.v1_4_0.Fan,FAN_4,9800
2023-02-21 12:32:26.000 -0600,149,#Thermal.v1_4_0.Fan,FAN_1,9450
2023-02-21 12:32:26.000 -0600,149,#Thermal.v1_4_0.Fan,FAN_2,9450
2023-02-21 12:32:26.000 -0600,149,#Thermal.v1_4_0.Fan,FAN_3,9450
2023-02-21 12:32:26.000 -0600,149,#Thermal.v1_4_0.Fan,FAN_4,9450
2023-02-21 12:32:26.000 -0600,150,#Thermal.v1_4_0.Fan,FAN_1,8540
2023-02-21 12:32:26.000 -0600,150,#Thermal.v1_4_0.Fan,FAN_2,8470
2023-02-21 12:32:26.000 -0600,150,#Thermal.v1_4_0.Fan,FAN_3,8540
2023-02-21 12:32:26.000 -0600,150,#Thermal.v1_4_0.Fan,FAN_4,8540
2023-02-21 12:32:26.000 -0600,151,#Thermal.v1_4_0.Fan,FAN_1,8540
2023-02-21 12:32:26.000 -0600,151,#Thermal.v1_4_0.Fan,FAN_2,8540
2023-02-21 12:32:26.000 -0600,151,#Thermal.v1_4_0.Fan,FAN_3,8540
2023-02-21 12:32:26.000 -0600,151,#Thermal.v1_4_0.Fan,FAN_4,8540
2023-02-21 12:32:26.000 -0600,152,#Thermal.v1_4_0.Fan,FAN_1,8540
2023-02-21 12:32:26.000 -0600,152,#Thermal.v1_4_0.Fan,FAN_2,8540
2023-02-21 12:32:26.000 -0600,152,#Thermal.v1_4_0.Fan,FAN_3,8540
2023-02-21 12:32:26.000 -0600,152,#Thermal.v1_4_0.Fan,FAN_4,8540
2023-02-21 12:32:26.000 -0600,153,#Thermal.v1_4_0.Fan,FAN_1,8540
2023-02-21 12:32:26.000 -0600,153,#Thermal.v1_4_0.Fan,FAN_2,8330
2023-02-21 12:32:26.000 -0600,153,#Thermal.v1_4_0.Fan,FAN_3,8330
2023-02-21 12:32:26.000 -0600,153,#Thermal.v1_4_0.Fan,FAN_4,8330
2023-02-21 12:32:26.000 -0600,154,#Thermal.v1_4_0.Fan,FAN_1,8050
2023-02-21 12:32:26.000 -0600,154,#Thermal.v1_4_0.Fan,FAN_2,8120
2023-02-21 12:32:26.000 -0600,154,#Thermal.v1_4_0.Fan,FAN_3,8050
2023-02-21 12:32:26.000 -0600,154,#Thermal.v1_4_0.Fan,FAN_4,8050
2023-02-21 12:32:26.000 -0600,155,#Thermal.v1_4_0.Fan,FAN_1,8050
2023-02-21 12:32:26.000 -0600,155,#Thermal.v1_4_0.Fan,FAN_2,8050
2023-02-21 12:32:26.000 -0600,155,#Thermal.v1_4_0.Fan,FAN_3,8050
2023-02-21 12:32:26.000 -0600,155,#Thermal.v1_4_0.Fan,FAN_4,8120
2023-02-21 12:32:26.000 -0600,156,#Thermal.v1_4_0.Fan,FAN_1,8050
2023-02-21 12:32:26.000 -0600,156,#Thermal.v1_4_0.Fan,FAN_2,8050
2023-02-21 12:32:26.000 -0600,156,#Thermal.v1_4_0.Fan,FAN_3,8050
2023-02-21 12:32:26.000 -0600,156,#Thermal.v1_4_0.Fan,FAN_4,8050
2023-02-21 12:32:26.000 -0600,157,#Thermal.v1_4_0.Fan,FAN_1,8050
2023-02-21 12:32:26.000 -0600,157,#Thermal.v1_4_0.Fan,FAN_2,8050
2023-02-21 12:32:26.000 -0600,157,#Thermal.v1_4_0.Fan,FAN_3,8050
2023-02-21 12:32:26.000 -0600,157,#Thermal.v1_4_0.Fan,FAN_4,8120
2023-02-21 12:32:26.000 -0600,159,#Thermal.v1_4_0.Fan,FAN_1,8330
2023-02-21 12:32:26.000 -0600,159,#Thermal.v1_4_0.Fan,FAN_2,8330
2023-02-21 12:32:26.000 -0600,159,#Thermal.v1_4_0.Fan,FAN_3,8470
2023-02-21 12:32:26.000 -0600,159,#Thermal.v1_4_0.Fan,FAN_4,8470
2023-02-21 12:32:26.000 -0600,160,#Thermal.v1_4_0.Fan,FAN_1,8330
2023-02-21 12:32:26.000 -0600,160,#Thermal.v1_4_0.Fan,FAN_2,8330
2023-02-21 12:32:26.000 -0600,160,#Thermal.v1_4_0.Fan,FAN_3,8470
2023-02-21 12:32:26.000 -0600,160,#Thermal.v1_4_0.Fan,FAN_4,8330
2023-02-21 12:32:26.000 -0600,161,#Thermal.v1_4_0.Fan,FAN_1,8330
2023-02-21 12:32:26.000 -0600,161,#Thermal.v1_4_0.Fan,FAN_2,8330
2023-02-21 12:32:26.000 -0600,161,#Thermal.v1_4_0.Fan,FAN_3,8470
2023-02-21 12:32:26.000 -0600,161,#Thermal.v1_4_0.Fan,FAN_4,8470
2023-02-21 12:32:26.000 -0600,162,#Thermal.v1_4_0.Fan,FAN_1,8330
2023-02-21 12:32:26.000 -0600,162,#Thermal.v1_4_0.Fan,FAN_2,8330
2023-02-21 12:32:26.000 -0600,162,#Thermal.v1_4_0.Fan,FAN_3,8330
2023-02-21 12:32:26.000 -0600,162,#Thermal.v1_4_0.Fan,FAN_4,8330
2023-02-21 12:32:26.000 -0600,163,#Thermal.v1_4_0.Fan,FAN_1,8330
2023-02-21 12:32:26.000 -0600,163,#Thermal.v1_4_0.Fan,FAN_2,8330
2023-02-21 12:32:26.000 -0600,163,#Thermal.v1_4_0.Fan,FAN_3,8330
2023-02-21 12:32:26.000 -0600,163,#Thermal.v1_4_0.Fan,FAN_4,8330
2023-02-21 12:32:26.000 -0600,164,#Thermal.v1_4_0.Fan,FAN_1,8330
2023-02-21 12:32:26.000 -0600,164,#Thermal.v1_4_0.Fan,FAN_2,8330
2023-02-21 12:32:26.000 -0600,164,#Thermal.v1_4_0.Fan,FAN_3,8330
2023-02-21 12:32:26.000 -0600,164,#Thermal.v1_4_0.Fan,FAN_4,8470
2023-02-21 12:32:26.000 -0600,165,#Thermal.v1_4_0.Fan,FAN_1,8470
2023-02-21 12:32:26.000 -0600,165,#Thermal.v1_4_0.Fan,FAN_2,8330
2023-02-21 12:32:26.000 -0600,165,#Thermal.v1_4_0.Fan,FAN_3,8330
2023-02-21 12:32:26.000 -0600,165,#Thermal.v1_4_0.Fan,FAN_4,8330
2023-02-21 12:32:26.000 -0600,166,#Thermal.v1_4_0.Fan,FAN_1,10710
2023-02-21 12:32:26.000 -0600,166,#Thermal.v1_4_0.Fan,FAN_2,10710
2023-02-21 12:32:26.000 -0600,166,#Thermal.v1_4_0.Fan,FAN_3,10640
2023-02-21 12:32:26.000 -0600,166,#Thermal.v1_4_0.Fan,FAN_4,10710
2023-02-21 12:32:26.000 -0600,167,#Thermal.v1_4_0.Fan,FAN_1,10710
2023-02-21 12:32:26.000 -0600,167,#Thermal.v1_4_0.Fan,FAN_2,10640
2023-02-21 12:32:26.000 -0600,167,#Thermal.v1_4_0.Fan,FAN_3,10640
2023-02-21 12:32:26.000 -0600,167,#Thermal.v1_4_0.Fan,FAN_4,10710
2023-02-21 12:32:26.000 -0600,168,#Thermal.v1_4_0.Fan,FAN_1,10710
2023-02-21 12:32:26.000 -0600,168,#Thermal.v1_4_0.Fan,FAN_2,10640
2023-02-21 12:32:26.000 -0600,168,#Thermal.v1_4_0.Fan,FAN_3,10640
2023-02-21 12:32:26.000 -0600,168,#Thermal.v1_4_0.Fan,FAN_4,10640
2023-02-21 12:32:26.000 -0600,170,#Thermal.v1_4_0.Fan,FAN_1,7910
2023-02-21 12:32:26.000 -0600,170,#Thermal.v1_4_0.Fan,FAN_2,7910
2023-02-21 12:32:26.000 -0600,170,#Thermal.v1_4_0.Fan,FAN_3,7840
2023-02-21 12:32:26.000 -0600,170,#Thermal.v1_4_0.Fan,FAN_4,7910
2023-02-21 12:32:26.000 -0600,171,#Thermal.v1_4_0.Fan,FAN_1,7910
2023-02-21 12:32:26.000 -0600,171,#Thermal.v1_4_0.Fan,FAN_2,7910
2023-02-21 12:32:26.000 -0600,171,#Thermal.v1_4_0.Fan,FAN_3,7910
2023-02-21 12:32:26.000 -0600,171,#Thermal.v1_4_0.Fan,FAN_4,7910
2023-02-21 12:32:26.000 -0600,172,#Thermal.v1_4_0.Fan,FAN_1,7910
2023-02-21 12:32:26.000 -0600,172,#Thermal.v1_4_0.Fan,FAN_2,7840
2023-02-21 12:32:26.000 -0600,172,#Thermal.v1_4_0.Fan,FAN_3,7840
2023-02-21 12:32:26.000 -0600,172,#Thermal.v1_4_0.Fan,FAN_4,7910
2023-02-21 12:32:26.000 -0600,173,#Thermal.v1_4_0.Fan,FAN_1,10710
2023-02-21 12:32:26.000 -0600,173,#Thermal.v1_4_0.Fan,FAN_2,10710
2023-02-21 12:32:26.000 -0600,173,#Thermal.v1_4_0.Fan,FAN_3,10710
2023-02-21 12:32:26.000 -0600,173,#Thermal.v1_4_0.Fan,FAN_4,10710
2023-02-21 12:32:26.000 -0600,174,#Thermal.v1_4_0.Fan,FAN_1,10710
2023-02-21 12:32:26.000 -0600,174,#Thermal.v1_4_0.Fan,FAN_2,10710
2023-02-21 12:32:26.000 -0600,174,#Thermal.v1_4_0.Fan,FAN_3,10710
2023-02-21 12:32:26.000 -0600,174,#Thermal.v1_4_0.Fan,FAN_4,10710
2023-02-21 12:32:26.000 -0600,176,#Thermal.v1_4_0.Fan,FAN_1,10710
2023-02-21 12:32:26.000 -0600,176,#Thermal.v1_4_0.Fan,FAN_2,10710
2023-02-21 12:32:26.000 -0600,176,#Thermal.v1_4_0.Fan,FAN_3,10710
2023-02-21 12:32:26.000 -0600,176,#Thermal.v1_4_0.Fan,FAN_4,10640
2023-02-21 12:32:26.000 -0600,177,#Thermal.v1_4_0.Fan,FAN_1,8470
2023-02-21 12:32:26.000 -0600,177,#Thermal.v1_4_0.Fan,FAN_2,8540
2023-02-21 12:32:26.000 -0600,177,#Thermal.v1_4_0.Fan,FAN_3,8540
2023-02-21 12:32:26.000 -0600,177,#Thermal.v1_4_0.Fan,FAN_4,8470
2023-02-21 12:32:26.000 -0600,178,#Thermal.v1_4_0.Fan,FAN_1,8470
2023-02-21 12:32:26.000 -0600,178,#Thermal.v1_4_0.Fan,FAN_2,8540
2023-02-21 12:32:26.000 -0600,178,#Thermal.v1_4_0.Fan,FAN_3,8470
2023-02-21 12:32:26.000 -0600,178,#Thermal.v1_4_0.Fan,FAN_4,8540
2023-02-21 12:32:26.000 -0600,179,#Thermal.v1_4_0.Fan,FAN_1,8540
2023-02-21 12:32:26.000 -0600,179,#Thermal.v1_4_0.Fan,FAN_2,8330
2023-02-21 12:32:26.000 -0600,179,#Thermal.v1_4_0.Fan,FAN_3,8540
2023-02-21 12:32:26.000 -0600,179,#Thermal.v1_4_0.Fan,FAN_4,8470
2023-02-21 12:32:26.000 -0600,180,#Thermal.v1_4_0.Fan,FAN_1,8540
2023-02-21 12:32:26.000 -0600,180,#Thermal.v1_4_0.Fan,FAN_2,8540
2023-02-21 12:32:26.000 -0600,180,#Thermal.v1_4_0.Fan,FAN_3,8540
2023-02-21 12:32:26.000 -0600,180,#Thermal.v1_4_0.Fan,FAN_4,8470
2023-02-21 12:32:26.000 -0600,181,#Thermal.v1_4_0.Fan,FAN_1,8750
2023-02-21 12:32:26.000 -0600,181,#Thermal.v1_4_0.Fan,FAN_2,8750
2023-02-21 12:32:26.000 -0600,181,#Thermal.v1_4_0.Fan,FAN_3,8890
2023-02-21 12:32:26.000 -0600,181,#Thermal.v1_4_0.Fan,FAN_4,8750
2023-02-21 12:32:26.000 -0600,182,#Thermal.v1_4_0.Fan,FAN_1,9100
2023-02-21 12:32:26.000 -0600,182,#Thermal.v1_4_0.Fan,FAN_2,9170
2023-02-21 12:32:26.000 -0600,182,#Thermal.v1_4_0.Fan,FAN_3,9170
2023-02-21 12:32:26.000 -0600,182,#Thermal.v1_4_0.Fan,FAN_4,9100
2023-02-21 12:32:26.000 -0600,183,#Thermal.v1_4_0.Fan,FAN_1,9170
2023-02-21 12:32:26.000 -0600,183,#Thermal.v1_4_0.Fan,FAN_2,9170
2023-02-21 12:32:26.000 -0600,183,#Thermal.v1_4_0.Fan,FAN_3,9170
2023-02-21 12:32:26.000 -0600,183,#Thermal.v1_4_0.Fan,FAN_4,9170
2023-02-21 12:32:26.000 -0600,184,#Thermal.v1_4_0.Fan,FAN_1,9100
2023-02-21 12:32:26.000 -0600,184,#Thermal.v1_4_0.Fan,FAN_2,9310
2023-02-21 12:32:26.000 -0600,184,#Thermal.v1_4_0.Fan,FAN_3,9170
2023-02-21 12:32:26.000 -0600,184,#Thermal.v1_4_0.Fan,FAN_4,9310
2023-02-21 12:32:26.000 -0600,185,#Thermal.v1_4_0.Fan,FAN_1,8540
2023-02-21 12:32:26.000 -0600,185,#Thermal.v1_4_0.Fan,FAN_2,8680
2023-02-21 12:32:26.000 -0600,185,#Thermal.v1_4_0.Fan,FAN_3,8470
2023-02-21 12:32:26.000 -0600,185,#Thermal.v1_4_0.Fan,FAN_4,8680
2023-02-21 12:32:26.000 -0600,186,#Thermal.v1_4_0.Fan,FAN_1,8540
2023-02-21 12:32:26.000 -0600,186,#Thermal.v1_4_0.Fan,FAN_2,8470
2023-02-21 12:32:26.000 -0600,186,#Thermal.v1_4_0.Fan,FAN_3,8540
2023-02-21 12:32:26.000 -0600,186,#Thermal.v1_4_0.Fan,FAN_4,8540
2023-02-21 12:32:26.000 -0600,187,#Thermal.v1_4_0.Fan,FAN_1,8540
2023-02-21 12:32:26.000 -0600,187,#Thermal.v1_4_0.Fan,FAN_2,8470
2023-02-21 12:32:26.000 -0600,187,#Thermal.v1_4_0.Fan,FAN_3,8540
2023-02-21 12:32:26.000 -0600,187,#Thermal.v1_4_0.Fan,FAN_4,8540
2023-02-21 12:32:26.000 -0600,188,#Thermal.v1_4_0.Fan,FAN_1,8540
2023-02-21 12:32:26.000 -0600,188,#Thermal.v1_4_0.Fan,FAN_2,8540
2023-02-21 12:32:26.000 -0600,188,#Thermal.v1_4_0.Fan,FAN_3,8540
2023-02-21 12:32:26.000 -0600,188,#Thermal.v1_4_0.Fan,FAN_4,8540
2023-02-21 12:32:26.000 -0600,189,#Thermal.v1_4_0.Fan,FAN_1,10850
2023-02-21 12:32:26.000 -0600,189,#Thermal.v1_4_0.Fan,FAN_2,10850
2023-02-21 12:32:26.000 -0600,189,#Thermal.v1_4_0.Fan,FAN_3,10710
2023-02-21 12:32:26.000 -0600,189,#Thermal.v1_4_0.Fan,FAN_4,10710
2023-02-21 12:32:26.000 -0600,190,#Thermal.v1_4_0.Fan,FAN_1,10710
2023-02-21 12:32:26.000 -0600,190,#Thermal.v1_4_0.Fan,FAN_2,10850
2023-02-21 12:32:26.000 -0600,190,#Thermal.v1_4_0.Fan,FAN_3,10850
2023-02-21 12:32:26.000 -0600,190,#Thermal.v1_4_0.Fan,FAN_4,10710
2023-02-21 12:32:26.000 -0600,191,#Thermal.v1_4_0.Fan,FAN_1,10850
2023-02-21 12:32:26.000 -0600,191,#Thermal.v1_4_0.Fan,FAN_2,10850
2023-02-21 12:32:26.000 -0600,191,#Thermal.v1_4_0.Fan,FAN_3,10850
2023-02-21 12:32:26.000 -0600,191,#Thermal.v1_4_0.Fan,FAN_4,10710
2023-02-21 12:32:26.000 -0600,193,#Thermal.v1_4_0.Fan,FAN_1,9450
2023-02-21 12:32:26.000 -0600,193,#Thermal.v1_4_0.Fan,FAN_2,9380
2023-02-21 12:32:26.000 -0600,193,#Thermal.v1_4_0.Fan,FAN_3,9450
2023-02-21 12:32:26.000 -0600,193,#Thermal.v1_4_0.Fan,FAN_4,9380
2023-02-21 12:32:26.000 -0600,194,#Thermal.v1_4_0.Fan,FAN_1,9380
2023-02-21 12:32:26.000 -0600,194,#Thermal.v1_4_0.Fan,FAN_2,9310
2023-02-21 12:32:26.000 -0600,194,#Thermal.v1_4_0.Fan,FAN_3,9310
2023-02-21 12:32:26.000 -0600,194,#Thermal.v1_4_0.Fan,FAN_4,9310
2023-02-21 12:32:26.000 -0600,195,#Thermal.v1_4_0.Fan,FAN_1,9380
2023-02-21 12:32:26.000 -0600,195,#Thermal.v1_4_0.Fan,FAN_2,9380
2023-02-21 12:32:26.000 -0600,195,#Thermal.v1_4_0.Fan,FAN_3,9450
2023-02-21 12:32:26.000 -0600,195,#Thermal.v1_4_0.Fan,FAN_4,9380
2023-02-21 12:32:26.000 -0600,196,#Thermal.v1_4_0.Fan,FAN_1,9450
2023-02-21 12:32:26.000 -0600,196,#Thermal.v1_4_0.Fan,FAN_2,9380
2023-02-21 12:32:26.000 -0600,196,#Thermal.v1_4_0.Fan,FAN_3,9450
2023-02-21 12:32:26.000 -0600,196,#Thermal.v1_4_0.Fan,FAN_4,9380
2023-02-21 12:32:26.000 -0600,197,#Thermal.v1_4_0.Fan,FAN_1,9310
2023-02-21 12:32:26.000 -0600,197,#Thermal.v1_4_0.Fan,FAN_2,9170
2023-02-21 12:32:26.000 -0600,197,#Thermal.v1_4_0.Fan,FAN_3,9380
2023-02-21 12:32:26.000 -0600,197,#Thermal.v1_4_0.Fan,FAN_4,9380
2023-02-21 12:32:26.000 -0600,198,#Thermal.v1_4_0.Fan,FAN_1,9310
2023-02-21 12:32:26.000 -0600,198,#Thermal.v1_4_0.Fan,FAN_2,9310
2023-02-21 12:32:26.000 -0600,198,#Thermal.v1_4_0.Fan,FAN_3,9380
2023-02-21 12:32:26.000 -0600,198,#Thermal.v1_4_0.Fan,FAN_4,9380
2023-02-21 12:32:26.000 -0600,199,#Thermal.v1_4_0.Fan,FAN_1,9310
2023-02-21 12:32:26.000 -0600,199,#Thermal.v1_4_0.Fan,FAN_2,9310
2023-02-21 12:32:26.000 -0600,199,#Thermal.v1_4_0.Fan,FAN_3,9380
2023-02-21 12:32:26.000 -0600,199,#Thermal.v1_4_0.Fan,FAN_4,9310
2023-02-21 12:32:26.000 -0600,200,#Thermal.v1_4_0.Fan,FAN_1,9310
2023-02-21 12:32:26.000 -0600,200,#Thermal.v1_4_0.Fan,FAN_2,9310
2023-02-21 12:32:26.000 -0600,200,#Thermal.v1_4_0.Fan,FAN_3,9380
2023-02-21 12:32:26.000 -0600,200,#Thermal.v1_4_0.Fan,FAN_4,9310
2023-02-21 12:32:26.000 -0600,201,#Thermal.v1_4_0.Fan,FAN_1,9450
2023-02-21 12:32:26.000 -0600,201,#Thermal.v1_4_0.Fan,FAN_2,9450
2023-02-21 12:32:26.000 -0600,201,#Thermal.v1_4_0.Fan,FAN_3,9450
2023-02-21 12:32:26.000 -0600,201,#Thermal.v1_4_0.Fan,FAN_4,9450
2023-02-21 12:32:26.000 -0600,202,#Thermal.v1_4_0.Fan,FAN_1,9450
2023-02-21 12:32:26.000 -0600,202,#Thermal.v1_4_0.Fan,FAN_2,9450
2023-02-21 12:32:26.000 -0600,202,#Thermal.v1_4_0.Fan,FAN_3,9380
2023-02-21 12:32:26.000 -0600,202,#Thermal.v1_4_0.Fan,FAN_4,9450
2023-02-21 12:32:26.000 -0600,203,#Thermal.v1_4_0.Fan,FAN_1,9450
2023-02-21 12:32:26.000 -0600,203,#Thermal.v1_4_0.Fan,FAN_2,9450
2023-02-21 12:32:26.000 -0600,203,#Thermal.v1_4_0.Fan,FAN_3,9380
2023-02-21 12:32:26.000 -0600,203,#Thermal.v1_4_0.Fan,FAN_4,9450
2023-02-21 12:32:26.000 -0600,204,#Thermal.v1_4_0.Fan,FAN_1,9450
2023-02-21 12:32:26.000 -0600,204,#Thermal.v1_4_0.Fan,FAN_2,9450
2023-02-21 12:32:26.000 -0600,204,#Thermal.v1_4_0.Fan,FAN_3,9450
2023-02-21 12:32:26.000 -0600,204,#Thermal.v1_4_0.Fan,FAN_4,9450
2023-02-21 12:32:26.000 -0600,205,#Thermal.v1_4_0.Fan,FAN_1,11340
2023-02-21 12:32:26.000 -0600,205,#Thermal.v1_4_0.Fan,FAN_2,11270
2023-02-21 12:32:26.000 -0600,205,#Thermal.v1_4_0.Fan,FAN_3,11270
2023-02-21 12:32:26.000 -0600,205,#Thermal.v1_4_0.Fan,FAN_4,11340
2023-02-21 12:32:26.000 -0600,206,#Thermal.v1_4_0.Fan,FAN_1,11340
2023-02-21 12:32:26.000 -0600,206,#Thermal.v1_4_0.Fan,FAN_2,11270
2023-02-21 12:32:26.000 -0600,206,#Thermal.v1_4_0.Fan,FAN_3,11270
2023-02-21 12:32:26.000 -0600,206,#Thermal.v1_4_0.Fan,FAN_4,11340
2023-02-21 12:32:26.000 -0600,207,#Thermal.v1_4_0.Fan,FAN_1,11340
2023-02-21 12:32:26.000 -0600,207,#Thermal.v1_4_0.Fan,FAN_2,11270
2023-02-21 12:32:26.000 -0600,207,#Thermal.v1_4_0.Fan,FAN_3,11270
2023-02-21 12:32:26.000 -0600,207,#Thermal.v1_4_0.Fan,FAN_4,11340
2023-02-21 12:32:26.000 -0600,208,#Thermal.v1_4_0.Fan,FAN_1,11340
2023-02-21 12:32:26.000 -0600,208,#Thermal.v1_4_0.Fan,FAN_2,11270
2023-02-21 12:32:26.000 -0600,208,#Thermal.v1_4_0.Fan,FAN_3,11270
2023-02-21 12:32:26.000 -0600,208,#Thermal.v1_4_0.Fan,FAN_4,11340
2023-02-21 12:32:26.000 -0600,209,#Thermal.v1_4_0.Fan,FAN_1,9450
2023-02-21 12:32:26.000 -0600,209,#Thermal.v1_4_0.Fan,FAN_2,9380
2023-02-21 12:32:26.000 -0600,209,#Thermal.v1_4_0.Fan,FAN_3,9380
2023-02-21 12:32:26.000 -0600,209,#Thermal.v1_4_0.Fan,FAN_4,9380
2023-02-21 12:32:26.000 -0600,210,#Thermal.v1_4_0.Fan,FAN_1,9450
2023-02-21 12:32:26.000 -0600,210,#Thermal.v1_4_0.Fan,FAN_2,9380
2023-02-21 12:32:26.000 -0600,210,#Thermal.v1_4_0.Fan,FAN_3,9380
2023-02-21 12:32:26.000 -0600,210,#Thermal.v1_4_0.Fan,FAN_4,9380
2023-02-21 12:32:26.000 -0600,211,#Thermal.v1_4_0.Fan,FAN_1,9310
2023-02-21 12:32:26.000 -0600,211,#Thermal.v1_4_0.Fan,FAN_2,9380
2023-02-21 12:32:26.000 -0600,211,#Thermal.v1_4_0.Fan,FAN_3,9380
2023-02-21 12:32:26.000 -0600,211,#Thermal.v1_4_0.Fan,FAN_4,9380
2023-02-21 12:32:26.000 -0600,212,#Thermal.v1_4_0.Fan,FAN_1,9450
2023-02-21 12:32:26.000 -0600,212,#Thermal.v1_4_0.Fan,FAN_2,9310
2023-02-21 12:32:26.000 -0600,212,#Thermal.v1_4_0.Fan,FAN_3,9450
2023-02-21 12:32:26.000 -0600,212,#Thermal.v1_4_0.Fan,FAN_4,9310
2023-02-21 12:32:26.000 -0600,213,#Thermal.v1_4_0.Fan,FAN_1,-2147483648
2023-02-21 12:32:26.000 -0600,213,#Thermal.v1_4_0.Fan,FAN_2,-2147483648
2023-02-21 12:32:26.000 -0600,213,#Thermal.v1_4_0.Fan,FAN_3,-2147483648
2023-02-21 12:32:26.000 -0600,213,#Thermal.v1_4_0.Fan,FAN_4,-2147483648
2023-02-21 12:32:26.000 -0600,214,#Thermal.v1_4_0.Fan,FAN_1,8470
2023-02-21 12:32:26.000 -0600,214,#Thermal.v1_4_0.Fan,FAN_2,8540
2023-02-21 12:32:26.000 -0600,214,#Thermal.v1_4_0.Fan,FAN_3,8540
2023-02-21 12:32:26.000 -0600,214,#Thermal.v1_4_0.Fan,FAN_4,8540
2023-02-21 12:32:26.000 -0600,215,#Thermal.v1_4_0.Fan,FAN_1,8680
2023-02-21 12:32:26.000 -0600,215,#Thermal.v1_4_0.Fan,FAN_2,8470
2023-02-21 12:32:26.000 -0600,215,#Thermal.v1_4_0.Fan,FAN_3,8680
2023-02-21 12:32:26.000 -0600,215,#Thermal.v1_4_0.Fan,FAN_4,8750
2023-02-21 12:32:26.000 -0600,216,#Thermal.v1_4_0.Fan,FAN_1,8470
2023-02-21 12:32:26.000 -0600,216,#Thermal.v1_4_0.Fan,FAN_2,8470
2023-02-21 12:32:26.000 -0600,216,#Thermal.v1_4_0.Fan,FAN_3,8540
2023-02-21 12:32:26.000 -0600,216,#Thermal.v1_4_0.Fan,FAN_4,8540
2023-02-21 12:32:26.000 -0600,217,#Thermal.v1_4_0.Fan,FAN_1,9310
2023-02-21 12:32:26.000 -0600,217,#Thermal.v1_4_0.Fan,FAN_2,9310
2023-02-21 12:32:26.000 -0600,217,#Thermal.v1_4_0.Fan,FAN_3,9310
2023-02-21 12:32:26.000 -0600,217,#Thermal.v1_4_0.Fan,FAN_4,9380
2023-02-21 12:32:26.000 -0600,218,#Thermal.v1_4_0.Fan,FAN_1,9310
2023-02-21 12:32:26.000 -0600,218,#Thermal.v1_4_0.Fan,FAN_2,9380
2023-02-21 12:32:26.000 -0600,218,#Thermal.v1_4_0.Fan,FAN_3,9310
2023-02-21 12:32:26.000 -0600,218,#Thermal.v1_4_0.Fan,FAN_4,9310
2023-02-21 12:32:26.000 -0600,219,#Thermal.v1_4_0.Fan,FAN_1,9310
2023-02-21 12:32:26.000 -0600,219,#Thermal.v1_4_0.Fan,FAN_2,9310
2023-02-21 12:32:26.000 -0600,219,#Thermal.v1_4_0.Fan,FAN_3,9310
2023-02-21 12:32:26.000 -0600,219,#Thermal.v1_4_0.Fan,FAN_4,9380
2023-02-21 12:32:26.000 -0600,220,#Thermal.v1_4_0.Fan,FAN_1,9310
2023-02-21 12:32:26.000 -0600,220,#Thermal.v1_4_0.Fan,FAN_2,9310
2023-02-21 12:32:26.000 -0600,220,#Thermal.v1_4_0.Fan,FAN_3,9310
2023-02-21 12:32:26.000 -0600,220,#Thermal.v1_4_0.Fan,FAN_4,9380
2023-02-21 12:32:26.000 -0600,221,#Thermal.v1_4_0.Fan,FAN_1,8750
2023-02-21 12:32:26.000 -0600,221,#Thermal.v1_4_0.Fan,FAN_2,8680
2023-02-21 12:32:26.000 -0600,221,#Thermal.v1_4_0.Fan,FAN_3,8680
2023-02-21 12:32:26.000 -0600,221,#Thermal.v1_4_0.Fan,FAN_4,8750
2023-02-21 12:32:26.000 -0600,222,#Thermal.v1_4_0.Fan,FAN_1,8750
2023-02-21 12:32:26.000 -0600,222,#Thermal.v1_4_0.Fan,FAN_2,8680
2023-02-21 12:32:26.000 -0600,222,#Thermal.v1_4_0.Fan,FAN_3,8750
2023-02-21 12:32:26.000 -0600,222,#Thermal.v1_4_0.Fan,FAN_4,8680
2023-02-21 12:32:26.000 -0600,223,#Thermal.v1_4_0.Fan,FAN_1,8680
2023-02-21 12:32:26.000 -0600,223,#Thermal.v1_4_0.Fan,FAN_2,8680
2023-02-21 12:32:26.000 -0600,223,#Thermal.v1_4_0.Fan,FAN_3,8680
2023-02-21 12:32:26.000 -0600,223,#Thermal.v1_4_0.Fan,FAN_4,8680
2023-02-21 12:32:26.000 -0600,224,#Thermal.v1_4_0.Fan,FAN_1,8680
2023-02-21 12:32:26.000 -0600,224,#Thermal.v1_4_0.Fan,FAN_2,8680
2023-02-21 12:32:26.000 -0600,224,#Thermal.v1_4_0.Fan,FAN_3,8680
2023-02-21 12:32:26.000 -0600,224,#Thermal.v1_4_0.Fan,FAN_4,8750
2023-02-21 12:32:26.000 -0600,225,#Thermal.v1_4_0.Fan,FAN_1,8890
2023-02-21 12:32:26.000 -0600,225,#Thermal.v1_4_0.Fan,FAN_2,8890
2023-02-21 12:32:26.000 -0600,225,#Thermal.v1_4_0.Fan,FAN_3,8960
2023-02-21 12:32:26.000 -0600,225,#Thermal.v1_4_0.Fan,FAN_4,8890
2023-02-21 12:32:26.000 -0600,226,#Thermal.v1_4_0.Fan,FAN_1,8890
2023-02-21 12:32:26.000 -0600,226,#Thermal.v1_4_0.Fan,FAN_2,8890
2023-02-21 12:32:26.000 -0600,226,#Thermal.v1_4_0.Fan,FAN_3,8890
2023-02-21 12:32:26.000 -0600,226,#Thermal.v1_4_0.Fan,FAN_4,8890
2023-02-21 12:32:26.000 -0600,227,#Thermal.v1_4_0.Fan,FAN_1,8890
2023-02-21 12:32:26.000 -0600,227,#Thermal.v1_4_0.Fan,FAN_2,8750
2023-02-21 12:32:26.000 -0600,227,#Thermal.v1_4_0.Fan,FAN_3,8890
2023-02-21 12:32:26.000 -0600,227,#Thermal.v1_4_0.Fan,FAN_4,8890
2023-02-21 12:32:26.000 -0600,228,#Thermal.v1_4_0.Fan,FAN_1,8890
2023-02-21 12:32:26.000 -0600,228,#Thermal.v1_4_0.Fan,FAN_2,8890
2023-02-21 12:32:26.000 -0600,228,#Thermal.v1_4_0.Fan,FAN_3,8890
2023-02-21 12:32:26.000 -0600,228,#Thermal.v1_4_0.Fan,FAN_4,8890
2023-02-21 12:32:26.000 -0600,229,#Thermal.v1_4_0.Fan,FAN_1,10850
2023-02-21 12:32:26.000 -0600,229,#Thermal.v1_4_0.Fan,FAN_2,10850
2023-02-21 12:32:26.000 -0600,229,#Thermal.v1_4_0.Fan,FAN_3,10850
2023-02-21 12:32:26.000 -0600,229,#Thermal.v1_4_0.Fan,FAN_4,10710
2023-02-21 12:32:26.000 -0600,230,#Thermal.v1_4_0.Fan,FAN_1,10710
2023-02-21 12:32:26.000 -0600,230,#Thermal.v1_4_0.Fan,FAN_2,10850
2023-02-21 12:32:26.000 -0600,230,#Thermal.v1_4_0.Fan,FAN_3,10850
2023-02-21 12:32:26.000 -0600,230,#Thermal.v1_4_0.Fan,FAN_4,10710
2023-02-21 12:32:26.000 -0600,233,#Thermal.v1_4_0.Fan,FAN_1,8470
2023-02-21 12:32:26.000 -0600,233,#Thermal.v1_4_0.Fan,FAN_2,8540
2023-02-21 12:32:26.000 -0600,233,#Thermal.v1_4_0.Fan,FAN_3,8470
2023-02-21 12:32:26.000 -0600,233,#Thermal.v1_4_0.Fan,FAN_4,8540
2023-02-21 12:32:26.000 -0600,234,#Thermal.v1_4_0.Fan,FAN_1,8470
2023-02-21 12:32:26.000 -0600,234,#Thermal.v1_4_0.Fan,FAN_2,8540
2023-02-21 12:32:26.000 -0600,234,#Thermal.v1_4_0.Fan,FAN_3,8540
2023-02-21 12:32:26.000 -0600,234,#Thermal.v1_4_0.Fan,FAN_4,8540
2023-02-21 12:32:26.000 -0600,235,#Thermal.v1_4_0.Fan,FAN_1,8540
2023-02-21 12:32:26.000 -0600,235,#Thermal.v1_4_0.Fan,FAN_2,8540
2023-02-21 12:32:26.000 -0600,235,#Thermal.v1_4_0.Fan,FAN_3,8540
2023-02-21 12:32:26.000 -0600,235,#Thermal.v1_4_0.Fan,FAN_4,8540
2023-02-21 12:32:26.000 -0600,236,#Thermal.v1_4_0.Fan,FAN_1,8470
2023-02-21 12:32:26.000 -0600,236,#Thermal.v1_4_0.Fan,FAN_2,8540
2023-02-21 12:32:26.000 -0600,236,#Thermal.v1_4_0.Fan,FAN_3,8540
2023-02-21 12:32:26.000 -0600,236,#Thermal.v1_4_0.Fan,FAN_4,8540
2023-02-21 12:32:26.000 -0600,237,#Thermal.v1_4_0.Fan,FAN_1,8750
2023-02-21 12:32:26.000 -0600,237,#Thermal.v1_4_0.Fan,FAN_2,8750
2023-02-21 12:32:26.000 -0600,237,#Thermal.v1_4_0.Fan,FAN_3,8680
2023-02-21 12:32:26.000 -0600,237,#Thermal.v1_4_0.Fan,FAN_4,8680
2023-02-21 12:32:26.000 -0600,238,#Thermal.v1_4_0.Fan,FAN_1,8680
2023-02-21 12:32:26.000 -0600,238,#Thermal.v1_4_0.Fan,FAN_2,8680
2023-02-21 12:32:26.000 -0600,238,#Thermal.v1_4_0.Fan,FAN_3,8680
2023-02-21 12:32:26.000 -0600,238,#Thermal.v1_4_0.Fan,FAN_4,8680
2023-02-21 12:32:26.000 -0600,239,#Thermal.v1_4_0.Fan,FAN_1,8680
2023-02-21 12:32:26.000 -0600,239,#Thermal.v1_4_0.Fan,FAN_2,8680
2023-02-21 12:32:26.000 -0600,239,#Thermal.v1_4_0.Fan,FAN_3,8680
2023-02-21 12:32:26.000 -0600,239,#Thermal.v1_4_0.Fan,FAN_4,8680
2023-02-21 12:32:26.000 -0600,240,#Thermal.v1_4_0.Fan,FAN_1,8750
2023-02-21 12:32:26.000 -0600,240,#Thermal.v1_4_0.Fan,FAN_2,8750
2023-02-21 12:32:26.000 -0600,240,#Thermal.v1_4_0.Fan,FAN_3,8680
2023-02-21 12:32:26.000 -0600,240,#Thermal.v1_4_0.Fan,FAN_4,8680
2023-02-21 12:32:26.000 -0600,241,#Thermal.v1_4_0.Fan,FAN_1,5740
2023-02-21 12:32:26.000 -0600,241,#Thermal.v1_4_0.Fan,FAN_2,5880
2023-02-21 12:32:26.000 -0600,241,#Thermal.v1_4_0.Fan,FAN_3,5740
2023-02-21 12:32:26.000 -0600,241,#Thermal.v1_4_0.Fan,FAN_4,5880
2023-02-21 12:32:26.000 -0600,242,#Thermal.v1_4_0.Fan,FAN_1,5880
2023-02-21 12:32:26.000 -0600,242,#Thermal.v1_4_0.Fan,FAN_2,5880
2023-02-21 12:32:26.000 -0600,242,#Thermal.v1_4_0.Fan,FAN_3,5740
2023-02-21 12:32:26.000 -0600,242,#Thermal.v1_4_0.Fan,FAN_4,5880
2023-02-21 12:32:26.000 -0600,243,#Thermal.v1_4_0.Fan,FAN_1,5880
2023-02-21 12:32:26.000 -0600,243,#Thermal.v1_4_0.Fan,FAN_2,5950
2023-02-21 12:32:26.000 -0600,243,#Thermal.v1_4_0.Fan,FAN_3,5880
2023-02-21 12:32:26.000 -0600,243,#Thermal.v1_4_0.Fan,FAN_4,5880
2023-02-21 12:32:26.000 -0600,244,#Thermal.v1_4_0.Fan,FAN_1,5880
2023-02-21 12:32:26.000 -0600,244,#Thermal.v1_4_0.Fan,FAN_2,5880
2023-02-21 12:32:26.000 -0600,244,#Thermal.v1_4_0.Fan,FAN_3,5880
2023-02-21 12:32:26.000 -0600,244,#Thermal.v1_4_0.Fan,FAN_4,5880
2023-02-21 12:32:26.000 -0600,245,#Thermal.v1_4_0.Fan,FAN_1,9380
2023-02-21 12:32:26.000 -0600,245,#Thermal.v1_4_0.Fan,FAN_2,9380
2023-02-21 12:32:26.000 -0600,245,#Thermal.v1_4_0.Fan,FAN_3,9380
2023-02-21 12:32:26.000 -0600,245,#Thermal.v1_4_0.Fan,FAN_4,9380
2023-02-21 12:32:26.000 -0600,246,#Thermal.v1_4_0.Fan,FAN_1,9380
2023-02-21 12:32:26.000 -0600,246,#Thermal.v1_4_0.Fan,FAN_2,9660
2023-02-21 12:32:26.000 -0600,246,#Thermal.v1_4_0.Fan,FAN_3,9380
2023-02-21 12:32:26.000 -0600,246,#Thermal.v1_4_0.Fan,FAN_4,9800
2023-02-21 12:32:26.000 -0600,248,#Thermal.v1_4_0.Fan,FAN_1,9450
2023-02-21 12:32:26.000 -0600,248,#Thermal.v1_4_0.Fan,FAN_2,9380
2023-02-21 12:32:26.000 -0600,248,#Thermal.v1_4_0.Fan,FAN_3,9450
2023-02-21 12:32:26.000 -0600,248,#Thermal.v1_4_0.Fan,FAN_4,9380
2023-02-21 12:32:26.000 -0600,249,#Thermal.v1_4_0.Fan,FAN_1,9380
2023-02-21 12:32:26.000 -0600,249,#Thermal.v1_4_0.Fan,FAN_2,9380
2023-02-21 12:32:26.000 -0600,249,#Thermal.v1_4_0.Fan,FAN_3,9380
2023-02-21 12:32:26.000 -0600,249,#Thermal.v1_4_0.Fan,FAN_4,9380
2023-02-21 12:32:26.000 -0600,250,#Thermal.v1_4_0.Fan,FAN_1,9450
2023-02-21 12:32:26.000 -0600,250,#Thermal.v1_4_0.Fan,FAN_2,9380
2023-02-21 12:32:26.000 -0600,250,#Thermal.v1_4_0.Fan,FAN_3,9380
2023-02-21 12:32:26.000 -0600,250,#Thermal.v1_4_0.Fan,FAN_4,9380
2023-02-21 12:32:26.000 -0600,251,#Thermal.v1_4_0.Fan,FAN_1,9450
2023-02-21 12:32:26.000 -0600,251,#Thermal.v1_4_0.Fan,FAN_2,9450
2023-02-21 12:32:26.000 -0600,251,#Thermal.v1_4_0.Fan,FAN_3,9450
2023-02-21 12:32:26.000 -0600,251,#Thermal.v1_4_0.Fan,FAN_4,9450
2023-02-21 12:32:26.000 -0600,252,#Thermal.v1_4_0.Fan,FAN_1,9450
2023-02-21 12:32:26.000 -0600,252,#Thermal.v1_4_0.Fan,FAN_2,9450
2023-02-21 12:32:26.000 -0600,252,#Thermal.v1_4_0.Fan,FAN_3,9450
2023-02-21 12:32:26.000 -0600,252,#Thermal.v1_4_0.Fan,FAN_4,9590
2023-02-21 12:32:26.000 -0600,253,#Thermal.v1_4_0.Fan,FAN_1,9450
2023-02-21 12:32:26.000 -0600,253,#Thermal.v1_4_0.Fan,FAN_2,9450
2023-02-21 12:32:26.000 -0600,253,#Thermal.v1_4_0.Fan,FAN_3,9450
2023-02-21 12:32:26.000 -0600,253,#Thermal.v1_4_0.Fan,FAN_4,9380
2023-02-21 12:32:26.000 -0600,254,#Thermal.v1_4_0.Fan,FAN_1,9870
2023-02-21 12:32:26.000 -0600,254,#Thermal.v1_4_0.Fan,FAN_2,9380
2023-02-21 12:32:26.000 -0600,254,#Thermal.v1_4_0.Fan,FAN_3,9800
2023-02-21 12:32:26.000 -0600,254,#Thermal.v1_4_0.Fan,FAN_4,9380
2023-02-21 12:32:26.000 -0600,255,#Thermal.v1_4_0.Fan,FAN_1,9870
2023-02-21 12:32:26.000 -0600,255,#Thermal.v1_4_0.Fan,FAN_2,9660
2023-02-21 12:32:26.000 -0600,255,#Thermal.v1_4_0.Fan,FAN_3,9800
2023-02-21 12:32:26.000 -0600,255,#Thermal.v1_4_0.Fan,FAN_4,9660
2023-02-21 12:32:26.000 -0600,256,#Thermal.v1_4_0.Fan,FAN_1,9800
2023-02-21 12:32:26.000 -0600,256,#Thermal.v1_4_0.Fan,FAN_2,9450
2023-02-21 12:32:26.000 -0600,256,#Thermal.v1_4_0.Fan,FAN_3,9800
2023-02-21 12:32:26.000 -0600,256,#Thermal.v1_4_0.Fan,FAN_4,9380
2023-02-21 12:32:26.000 -0600,257,#Thermal.v1_4_0.Fan,FAN_1,11130
2023-02-21 12:32:26.000 -0600,257,#Thermal.v1_4_0.Fan,FAN_2,11130
2023-02-21 12:32:26.000 -0600,257,#Thermal.v1_4_0.Fan,FAN_3,11060
2023-02-21 12:32:26.000 -0600,257,#Thermal.v1_4_0.Fan,FAN_4,11130
2023-02-21 12:32:26.000 -0600,259,#Thermal.v1_4_0.Fan,FAN_1,11760
2023-02-21 12:32:26.000 -0600,259,#Thermal.v1_4_0.Fan,FAN_2,11270
2023-02-21 12:32:26.000 -0600,259,#Thermal.v1_4_0.Fan,FAN_3,11760
2023-02-21 12:32:26.000 -0600,259,#Thermal.v1_4_0.Fan,FAN_4,11270
2023-02-21 12:32:26.000 -0600,260,#Thermal.v1_4_0.Fan,FAN_1,11760
2023-02-21 12:32:26.000 -0600,260,#Thermal.v1_4_0.Fan,FAN_2,11760
2023-02-21 12:32:26.000 -0600,260,#Thermal.v1_4_0.Fan,FAN_3,11760
2023-02-21 12:32:26.000 -0600,260,#Thermal.v1_4_0.Fan,FAN_4,11760
2023-02-21 12:32:26.000 -0600,261,#Thermal.v1_4_0.Fan,FAN_1,8330
2023-02-21 12:32:26.000 -0600,261,#Thermal.v1_4_0.Fan,FAN_2,8330
2023-02-21 12:32:26.000 -0600,261,#Thermal.v1_4_0.Fan,FAN_3,8470
2023-02-21 12:32:26.000 -0600,261,#Thermal.v1_4_0.Fan,FAN_4,8470
2023-02-21 12:32:26.000 -0600,262,#Thermal.v1_4_0.Fan,FAN_1,8330
2023-02-21 12:32:26.000 -0600,262,#Thermal.v1_4_0.Fan,FAN_2,8330
2023-02-21 12:32:26.000 -0600,262,#Thermal.v1_4_0.Fan,FAN_3,8330
2023-02-21 12:32:26.000 -0600,262,#Thermal.v1_4_0.Fan,FAN_4,8330
2023-02-21 12:32:26.000 -0600,263,#Thermal.v1_4_0.Fan,FAN_1,8330
2023-02-21 12:32:26.000 -0600,263,#Thermal.v1_4_0.Fan,FAN_2,8330
2023-02-21 12:32:26.000 -0600,263,#Thermal.v1_4_0.Fan,FAN_3,8330
2023-02-21 12:32:26.000 -0600,263,#Thermal.v1_4_0.Fan,FAN_4,8470
2023-02-21 12:32:26.000 -0600,264,#Thermal.v1_4_0.Fan,FAN_1,8330
2023-02-21 12:32:26.000 -0600,264,#Thermal.v1_4_0.Fan,FAN_2,8330
2023-02-21 12:32:26.000 -0600,264,#Thermal.v1_4_0.Fan,FAN_3,8330
2023-02-21 12:32:26.000 -0600,264,#Thermal.v1_4_0.Fan,FAN_4,8330
2023-02-21 12:32:26.000 -0600,265,#Thermal.v1_4_0.Fan,FAN_1,9170
2023-02-21 12:32:26.000 -0600,265,#Thermal.v1_4_0.Fan,FAN_2,9310
2023-02-21 12:32:26.000 -0600,265,#Thermal.v1_4_0.Fan,FAN_3,9100
2023-02-21 12:32:26.000 -0600,265,#Thermal.v1_4_0.Fan,FAN_4,9310
2023-02-21 12:32:26.000 -0600,266,#Thermal.v1_4_0.Fan,FAN_1,8750
2023-02-21 12:32:26.000 -0600,266,#Thermal.v1_4_0.Fan,FAN_2,8960
2023-02-21 12:32:26.000 -0600,266,#Thermal.v1_4_0.Fan,FAN_3,8960
2023-02-21 12:32:26.000 -0600,266,#Thermal.v1_4_0.Fan,FAN_4,8890
2023-02-21 12:32:26.000 -0600,267,#Thermal.v1_4_0.Fan,FAN_1,9100
2023-02-21 12:32:26.000 -0600,267,#Thermal.v1_4_0.Fan,FAN_2,9100
2023-02-21 12:32:26.000 -0600,267,#Thermal.v1_4_0.Fan,FAN_3,9100
2023-02-21 12:32:26.000 -0600,267,#Thermal.v1_4_0.Fan,FAN_4,9100